INSERT INTO Alimento VALUES ('Abiyuch');
INSERT INTO Nutriente VALUES ('Calcium');
INSERT INTO Alimento_Nutriente VALUES ('Abiyuch','Calcium', 8000.0 );
INSERT INTO Nutriente VALUES ('Iron');
INSERT INTO Alimento_Nutriente VALUES ('Abiyuch','Iron', 1610.0 );
INSERT INTO Nutriente VALUES ('Magnesium');
INSERT INTO Alimento_Nutriente VALUES ('Abiyuch','Magnesium', 24000.0 );
INSERT INTO Nutriente VALUES ('Phosphorus');
INSERT INTO Alimento_Nutriente VALUES ('Abiyuch','Phosphorus', 47000.0 );
INSERT INTO Nutriente VALUES ('Potassium');
INSERT INTO Alimento_Nutriente VALUES ('Abiyuch','Potassium', 304000.0 );
INSERT INTO Nutriente VALUES ('Zinc');
INSERT INTO Alimento_Nutriente VALUES ('Abiyuch','Zinc', 310.0 );
INSERT INTO Nutriente VALUES ('Vitamin C');
INSERT INTO Alimento_Nutriente VALUES ('Abiyuch','Vitamin C', 54100.0 );
INSERT INTO Nutriente VALUES ('Vitamin A');
INSERT INTO Alimento_Nutriente VALUES ('Abiyuch','Vitamin A', 5.0 );
INSERT INTO Alimento VALUES ('Acerola juice');
INSERT INTO Alimento_Nutriente VALUES ('Acerola juice','Calcium', 10000.0 );
INSERT INTO Alimento_Nutriente VALUES ('Acerola juice','Iron', 500.0 );
INSERT INTO Alimento_Nutriente VALUES ('Acerola juice','Magnesium', 12000.0 );
INSERT INTO Alimento_Nutriente VALUES ('Acerola juice','Phosphorus', 9000.0 );
INSERT INTO Alimento_Nutriente VALUES ('Acerola juice','Potassium', 97000.0 );
INSERT INTO Alimento_Nutriente VALUES ('Acerola juice','Zinc', 100.0 );
INSERT INTO Alimento_Nutriente VALUES ('Acerola juice','Vitamin C', 1600000.0 );
INSERT INTO Nutriente VALUES ('Thiamin');
INSERT INTO Alimento_Nutriente VALUES ('Acerola juice','Thiamin', 20.0 );
INSERT INTO Nutriente VALUES ('Riboflavin');
INSERT INTO Alimento_Nutriente VALUES ('Acerola juice','Riboflavin', 60.0 );
INSERT INTO Nutriente VALUES ('Niacin');
INSERT INTO Alimento_Nutriente VALUES ('Acerola juice','Niacin', 400.0 );
INSERT INTO Nutriente VALUES ('Vitamin B-6');
INSERT INTO Alimento_Nutriente VALUES ('Acerola juice','Vitamin B-6', 4.0 );
INSERT INTO Nutriente VALUES ('Folate');
INSERT INTO Alimento_Nutriente VALUES ('Acerola juice','Folate', 14.0 );
INSERT INTO Nutriente VALUES ('Vitamin B-12');
INSERT INTO Alimento_Nutriente VALUES ('Acerola juice','Vitamin B-12', 0.0 );
INSERT INTO Alimento_Nutriente VALUES ('Acerola juice','Vitamin A', 25.0 );
INSERT INTO Nutriente VALUES ('Vitamin E');
INSERT INTO Alimento_Nutriente VALUES ('Acerola juice','Vitamin E', 180.0 );
INSERT INTO Nutriente VALUES ('Vitamin K');
INSERT INTO Alimento_Nutriente VALUES ('Acerola juice','Vitamin K', 1.4 );
INSERT INTO Alimento VALUES ('Acerola');
INSERT INTO Alimento_Nutriente VALUES ('Acerola','Calcium', 12000.0 );
INSERT INTO Alimento_Nutriente VALUES ('Acerola','Iron', 200.0 );
INSERT INTO Alimento_Nutriente VALUES ('Acerola','Magnesium', 18000.0 );
INSERT INTO Alimento_Nutriente VALUES ('Acerola','Phosphorus', 11000.0 );
INSERT INTO Alimento_Nutriente VALUES ('Acerola','Potassium', 146000.0 );
INSERT INTO Alimento_Nutriente VALUES ('Acerola','Zinc', 100.0 );
INSERT INTO Alimento_Nutriente VALUES ('Acerola','Vitamin C', 1677600.0 );
INSERT INTO Alimento_Nutriente VALUES ('Acerola','Thiamin', 20.0 );
INSERT INTO Alimento_Nutriente VALUES ('Acerola','Riboflavin', 60.0 );
INSERT INTO Alimento_Nutriente VALUES ('Acerola','Niacin', 400.0 );
INSERT INTO Alimento_Nutriente VALUES ('Acerola','Vitamin B-6', 9.0 );
INSERT INTO Alimento_Nutriente VALUES ('Acerola','Folate', 14.0 );
INSERT INTO Alimento_Nutriente VALUES ('Acerola','Vitamin B-12', 0.0 );
INSERT INTO Alimento_Nutriente VALUES ('Acerola','Vitamin A', 38.0 );
INSERT INTO Alimento VALUES ('Apple juice');
INSERT INTO Alimento_Nutriente VALUES ('Apple juice','Calcium', 8000.0 );
INSERT INTO Alimento_Nutriente VALUES ('Apple juice','Iron', 120.0 );
INSERT INTO Alimento_Nutriente VALUES ('Apple juice','Magnesium', 5000.0 );
INSERT INTO Alimento_Nutriente VALUES ('Apple juice','Phosphorus', 7000.0 );
INSERT INTO Alimento_Nutriente VALUES ('Apple juice','Potassium', 101000.0 );
INSERT INTO Alimento_Nutriente VALUES ('Apple juice','Zinc', 20.0 );
INSERT INTO Alimento_Nutriente VALUES ('Apple juice','Vitamin C', 38500.0 );
INSERT INTO Alimento_Nutriente VALUES ('Apple juice','Thiamin', 21.0 );
INSERT INTO Alimento_Nutriente VALUES ('Apple juice','Riboflavin', 17.0 );
INSERT INTO Alimento_Nutriente VALUES ('Apple juice','Niacin', 73.0 );
INSERT INTO Alimento_Nutriente VALUES ('Apple juice','Vitamin B-6', 18.0 );
INSERT INTO Alimento_Nutriente VALUES ('Apple juice','Folate', 0.0 );
INSERT INTO Alimento_Nutriente VALUES ('Apple juice','Vitamin B-12', 0.0 );
INSERT INTO Alimento_Nutriente VALUES ('Apple juice','Vitamin A', 0.0 );
INSERT INTO Alimento_Nutriente VALUES ('Apple juice','Vitamin E', 10.0 );
INSERT INTO Nutriente VALUES ('Vitamin D');
INSERT INTO Alimento_Nutriente VALUES ('Apple juice','Vitamin D', 0.0 );
INSERT INTO Alimento_Nutriente VALUES ('Apple juice','Vitamin K', 0.0 );
INSERT INTO Alimento VALUES ('Applesauce');
INSERT INTO Alimento_Nutriente VALUES ('Applesauce','Calcium', 3000.0 );
INSERT INTO Alimento_Nutriente VALUES ('Applesauce','Iron', 120.0 );
INSERT INTO Alimento_Nutriente VALUES ('Applesauce','Magnesium', 3000.0 );
INSERT INTO Alimento_Nutriente VALUES ('Applesauce','Phosphorus', 6000.0 );
INSERT INTO Alimento_Nutriente VALUES ('Applesauce','Potassium', 75000.0 );
INSERT INTO Alimento_Nutriente VALUES ('Applesauce','Zinc', 30.0 );
INSERT INTO Alimento_Nutriente VALUES ('Applesauce','Vitamin C', 1700.0 );
INSERT INTO Alimento_Nutriente VALUES ('Applesauce','Thiamin', 17.0 );
INSERT INTO Alimento_Nutriente VALUES ('Applesauce','Riboflavin', 22.0 );
INSERT INTO Alimento_Nutriente VALUES ('Applesauce','Niacin', 72.0 );
INSERT INTO Alimento_Nutriente VALUES ('Applesauce','Vitamin B-6', 27.0 );
INSERT INTO Alimento_Nutriente VALUES ('Applesauce','Folate', 1.0 );
INSERT INTO Alimento_Nutriente VALUES ('Applesauce','Vitamin B-12', 0.0 );
INSERT INTO Alimento_Nutriente VALUES ('Applesauce','Vitamin A', 0.0 );
INSERT INTO Alimento_Nutriente VALUES ('Applesauce','Vitamin E', 180.0 );
INSERT INTO Alimento_Nutriente VALUES ('Applesauce','Vitamin D', 0.0 );
INSERT INTO Alimento_Nutriente VALUES ('Applesauce','Vitamin K', 0.6 );
INSERT INTO Alimento VALUES ('Apples');
INSERT INTO Alimento_Nutriente VALUES ('Apples','Calcium', 4000.0 );
INSERT INTO Alimento_Nutriente VALUES ('Apples','Iron', 240.0 );
INSERT INTO Alimento_Nutriente VALUES ('Apples','Magnesium', 3000.0 );
INSERT INTO Alimento_Nutriente VALUES ('Apples','Phosphorus', 6000.0 );
INSERT INTO Alimento_Nutriente VALUES ('Apples','Potassium', 70000.0 );
INSERT INTO Alimento_Nutriente VALUES ('Apples','Zinc', 50.0 );
INSERT INTO Alimento_Nutriente VALUES ('Apples','Vitamin C', 200.0 );
INSERT INTO Alimento_Nutriente VALUES ('Apples','Thiamin', 9.0 );
INSERT INTO Alimento_Nutriente VALUES ('Apples','Riboflavin', 10.0 );
INSERT INTO Alimento_Nutriente VALUES ('Apples','Niacin', 81.0 );
INSERT INTO Alimento_Nutriente VALUES ('Apples','Vitamin B-6', 44.0 );
INSERT INTO Alimento_Nutriente VALUES ('Apples','Folate', 0.0 );
INSERT INTO Alimento_Nutriente VALUES ('Apples','Vitamin B-12', 0.0 );
INSERT INTO Alimento_Nutriente VALUES ('Apples','Vitamin A', 3.0 );
INSERT INTO Alimento_Nutriente VALUES ('Apples','Vitamin E', 210.0 );
INSERT INTO Alimento_Nutriente VALUES ('Apples','Vitamin D', 0.0 );
INSERT INTO Alimento_Nutriente VALUES ('Apples','Vitamin K', 0.6 );
INSERT INTO Alimento VALUES ('Apricot nectar');
INSERT INTO Alimento_Nutriente VALUES ('Apricot nectar','Calcium', 7000.0 );
INSERT INTO Alimento_Nutriente VALUES ('Apricot nectar','Iron', 380.0 );
INSERT INTO Alimento_Nutriente VALUES ('Apricot nectar','Magnesium', 5000.0 );
INSERT INTO Alimento_Nutriente VALUES ('Apricot nectar','Phosphorus', 9000.0 );
INSERT INTO Alimento_Nutriente VALUES ('Apricot nectar','Potassium', 114000.0 );
INSERT INTO Alimento_Nutriente VALUES ('Apricot nectar','Zinc', 90.0 );
INSERT INTO Alimento_Nutriente VALUES ('Apricot nectar','Vitamin C', 17600.0 );
INSERT INTO Alimento_Nutriente VALUES ('Apricot nectar','Thiamin', 9.0 );
INSERT INTO Alimento_Nutriente VALUES ('Apricot nectar','Riboflavin', 14.0 );
INSERT INTO Alimento_Nutriente VALUES ('Apricot nectar','Niacin', 260.0 );
INSERT INTO Alimento_Nutriente VALUES ('Apricot nectar','Vitamin B-6', 22.0 );
INSERT INTO Alimento_Nutriente VALUES ('Apricot nectar','Folate', 1.0 );
INSERT INTO Alimento_Nutriente VALUES ('Apricot nectar','Vitamin B-12', 0.0 );
INSERT INTO Alimento_Nutriente VALUES ('Apricot nectar','Vitamin A', 66.0 );
INSERT INTO Alimento_Nutriente VALUES ('Apricot nectar','Vitamin D', 0.0 );
INSERT INTO Alimento VALUES ('Apricots');
INSERT INTO Alimento_Nutriente VALUES ('Apricots','Calcium', 8000.0 );
INSERT INTO Alimento_Nutriente VALUES ('Apricots','Iron', 620.0 );
INSERT INTO Alimento_Nutriente VALUES ('Apricots','Magnesium', 8000.0 );
INSERT INTO Alimento_Nutriente VALUES ('Apricots','Phosphorus', 15000.0 );
INSERT INTO Alimento_Nutriente VALUES ('Apricots','Potassium', 126000.0 );
INSERT INTO Alimento_Nutriente VALUES ('Apricots','Zinc', 100.0 );
INSERT INTO Alimento_Nutriente VALUES ('Apricots','Vitamin C', 2400.0 );
INSERT INTO Alimento_Nutriente VALUES ('Apricots','Thiamin', 16.0 );
INSERT INTO Alimento_Nutriente VALUES ('Apricots','Riboflavin', 22.0 );
INSERT INTO Alimento_Nutriente VALUES ('Apricots','Niacin', 340.0 );
INSERT INTO Alimento_Nutriente VALUES ('Apricots','Vitamin B-6', 54.0 );
INSERT INTO Alimento_Nutriente VALUES ('Apricots','Folate', 2.0 );
INSERT INTO Alimento_Nutriente VALUES ('Apricots','Vitamin B-12', 0.0 );
INSERT INTO Alimento_Nutriente VALUES ('Apricots','Vitamin A', 74.0 );
INSERT INTO Alimento_Nutriente VALUES ('Apricots','Vitamin D', 0.0 );
INSERT INTO Alimento VALUES ('Avocados');
INSERT INTO Alimento_Nutriente VALUES ('Avocados','Calcium', 12000.0 );
INSERT INTO Alimento_Nutriente VALUES ('Avocados','Iron', 550.0 );
INSERT INTO Alimento_Nutriente VALUES ('Avocados','Magnesium', 29000.0 );
INSERT INTO Alimento_Nutriente VALUES ('Avocados','Phosphorus', 52000.0 );
INSERT INTO Alimento_Nutriente VALUES ('Avocados','Potassium', 485000.0 );
INSERT INTO Alimento_Nutriente VALUES ('Avocados','Zinc', 640.0 );
INSERT INTO Alimento_Nutriente VALUES ('Avocados','Vitamin C', 10000.0 );
INSERT INTO Alimento_Nutriente VALUES ('Avocados','Thiamin', 67.0 );
INSERT INTO Alimento_Nutriente VALUES ('Avocados','Riboflavin', 130.0 );
INSERT INTO Alimento_Nutriente VALUES ('Avocados','Niacin', 1738.0 );
INSERT INTO Alimento_Nutriente VALUES ('Avocados','Vitamin B-6', 257.0 );
INSERT INTO Alimento_Nutriente VALUES ('Avocados','Folate', 81.0 );
INSERT INTO Alimento_Nutriente VALUES ('Avocados','Vitamin B-12', 0.0 );
INSERT INTO Alimento_Nutriente VALUES ('Avocados','Vitamin A', 7.0 );
INSERT INTO Alimento_Nutriente VALUES ('Avocados','Vitamin E', 2070.0 );
INSERT INTO Alimento_Nutriente VALUES ('Avocados','Vitamin D', 0.0 );
INSERT INTO Alimento_Nutriente VALUES ('Avocados','Vitamin K', 21.0 );
INSERT INTO Alimento VALUES ('Bananas');
INSERT INTO Alimento_Nutriente VALUES ('Bananas','Calcium', 22000.0 );
INSERT INTO Alimento_Nutriente VALUES ('Bananas','Iron', 1150.0 );
INSERT INTO Alimento_Nutriente VALUES ('Bananas','Magnesium', 108000.0 );
INSERT INTO Alimento_Nutriente VALUES ('Bananas','Phosphorus', 74000.0 );
INSERT INTO Alimento_Nutriente VALUES ('Bananas','Potassium', 1491000.0 );
INSERT INTO Alimento_Nutriente VALUES ('Bananas','Zinc', 610.0 );
INSERT INTO Alimento_Nutriente VALUES ('Bananas','Vitamin C', 7000.0 );
INSERT INTO Alimento_Nutriente VALUES ('Bananas','Thiamin', 180.0 );
INSERT INTO Alimento_Nutriente VALUES ('Bananas','Riboflavin', 240.0 );
INSERT INTO Alimento_Nutriente VALUES ('Bananas','Niacin', 2800.0 );
INSERT INTO Alimento_Nutriente VALUES ('Bananas','Vitamin B-6', 440.0 );
INSERT INTO Alimento_Nutriente VALUES ('Bananas','Folate', 14.0 );
INSERT INTO Alimento_Nutriente VALUES ('Bananas','Vitamin B-12', 0.0 );
INSERT INTO Alimento_Nutriente VALUES ('Bananas','Vitamin A', 12.0 );
INSERT INTO Alimento_Nutriente VALUES ('Bananas','Vitamin E', 390.0 );
INSERT INTO Alimento_Nutriente VALUES ('Bananas','Vitamin D', 0.0 );
INSERT INTO Alimento_Nutriente VALUES ('Bananas','Vitamin K', 2.0 );
INSERT INTO Alimento VALUES ('Blackberries');
INSERT INTO Alimento_Nutriente VALUES ('Blackberries','Calcium', 21000.0 );
INSERT INTO Alimento_Nutriente VALUES ('Blackberries','Iron', 650.0 );
INSERT INTO Alimento_Nutriente VALUES ('Blackberries','Magnesium', 17000.0 );
INSERT INTO Alimento_Nutriente VALUES ('Blackberries','Phosphorus', 14000.0 );
INSERT INTO Alimento_Nutriente VALUES ('Blackberries','Potassium', 99000.0 );
INSERT INTO Alimento_Nutriente VALUES ('Blackberries','Zinc', 180.0 );
INSERT INTO Alimento_Nutriente VALUES ('Blackberries','Vitamin C', 2800.0 );
INSERT INTO Alimento_Nutriente VALUES ('Blackberries','Thiamin', 27.0 );
INSERT INTO Alimento_Nutriente VALUES ('Blackberries','Riboflavin', 39.0 );
INSERT INTO Alimento_Nutriente VALUES ('Blackberries','Niacin', 287.0 );
INSERT INTO Alimento_Nutriente VALUES ('Blackberries','Vitamin B-6', 36.0 );
INSERT INTO Alimento_Nutriente VALUES ('Blackberries','Folate', 27.0 );
INSERT INTO Alimento_Nutriente VALUES ('Blackberries','Vitamin B-12', 0.0 );
INSERT INTO Alimento_Nutriente VALUES ('Blackberries','Vitamin A', 11.0 );
INSERT INTO Alimento_Nutriente VALUES ('Blackberries','Vitamin E', 780.0 );
INSERT INTO Alimento_Nutriente VALUES ('Blackberries','Vitamin D', 0.0 );
INSERT INTO Alimento_Nutriente VALUES ('Blackberries','Vitamin K', 13.3 );
INSERT INTO Alimento VALUES ('Blackberry juice');
INSERT INTO Alimento_Nutriente VALUES ('Blackberry juice','Calcium', 12000.0 );
INSERT INTO Alimento_Nutriente VALUES ('Blackberry juice','Iron', 480.0 );
INSERT INTO Alimento_Nutriente VALUES ('Blackberry juice','Magnesium', 21000.0 );
INSERT INTO Alimento_Nutriente VALUES ('Blackberry juice','Phosphorus', 12000.0 );
INSERT INTO Alimento_Nutriente VALUES ('Blackberry juice','Potassium', 135000.0 );
INSERT INTO Alimento_Nutriente VALUES ('Blackberry juice','Zinc', 410.0 );
INSERT INTO Alimento_Nutriente VALUES ('Blackberry juice','Vitamin C', 11300.0 );
INSERT INTO Alimento_Nutriente VALUES ('Blackberry juice','Thiamin', 12.0 );
INSERT INTO Alimento_Nutriente VALUES ('Blackberry juice','Riboflavin', 18.0 );
INSERT INTO Alimento_Nutriente VALUES ('Blackberry juice','Niacin', 446.0 );
INSERT INTO Alimento_Nutriente VALUES ('Blackberry juice','Vitamin B-6', 21.0 );
INSERT INTO Alimento_Nutriente VALUES ('Blackberry juice','Folate', 10.0 );
INSERT INTO Alimento_Nutriente VALUES ('Blackberry juice','Vitamin B-12', 0.0 );
INSERT INTO Alimento_Nutriente VALUES ('Blackberry juice','Vitamin A', 6.0 );
INSERT INTO Alimento_Nutriente VALUES ('Blackberry juice','Vitamin E', 900.0 );
INSERT INTO Alimento_Nutriente VALUES ('Blackberry juice','Vitamin D', 0.0 );
INSERT INTO Alimento_Nutriente VALUES ('Blackberry juice','Vitamin K', 15.2 );
INSERT INTO Alimento VALUES ('Blueberries');
INSERT INTO Alimento_Nutriente VALUES ('Blueberries','Calcium', 5000.0 );
INSERT INTO Alimento_Nutriente VALUES ('Blueberries','Iron', 330.0 );
INSERT INTO Alimento_Nutriente VALUES ('Blueberries','Magnesium', 4000.0 );
INSERT INTO Alimento_Nutriente VALUES ('Blueberries','Phosphorus', 10000.0 );
INSERT INTO Alimento_Nutriente VALUES ('Blueberries','Potassium', 40000.0 );
INSERT INTO Alimento_Nutriente VALUES ('Blueberries','Zinc', 70.0 );
INSERT INTO Alimento_Nutriente VALUES ('Blueberries','Vitamin C', 1100.0 );
INSERT INTO Alimento_Nutriente VALUES ('Blueberries','Thiamin', 34.0 );
INSERT INTO Alimento_Nutriente VALUES ('Blueberries','Riboflavin', 53.0 );
INSERT INTO Alimento_Nutriente VALUES ('Blueberries','Niacin', 113.0 );
INSERT INTO Alimento_Nutriente VALUES ('Blueberries','Vitamin B-6', 36.0 );
INSERT INTO Alimento_Nutriente VALUES ('Blueberries','Folate', 2.0 );
INSERT INTO Alimento_Nutriente VALUES ('Blueberries','Vitamin B-12', 0.0 );
INSERT INTO Alimento_Nutriente VALUES ('Blueberries','Vitamin A', 2.0 );
INSERT INTO Alimento_Nutriente VALUES ('Blueberries','Vitamin E', 380.0 );
INSERT INTO Alimento_Nutriente VALUES ('Blueberries','Vitamin D', 0.0 );
INSERT INTO Alimento_Nutriente VALUES ('Blueberries','Vitamin K', 6.4 );
INSERT INTO Alimento VALUES ('Boysenberries');
INSERT INTO Alimento_Nutriente VALUES ('Boysenberries','Calcium', 18000.0 );
INSERT INTO Alimento_Nutriente VALUES ('Boysenberries','Iron', 430.0 );
INSERT INTO Alimento_Nutriente VALUES ('Boysenberries','Magnesium', 11000.0 );
INSERT INTO Alimento_Nutriente VALUES ('Boysenberries','Phosphorus', 10000.0 );
INSERT INTO Alimento_Nutriente VALUES ('Boysenberries','Potassium', 90000.0 );
INSERT INTO Alimento_Nutriente VALUES ('Boysenberries','Zinc', 190.0 );
INSERT INTO Alimento_Nutriente VALUES ('Boysenberries','Vitamin C', 6200.0 );
INSERT INTO Alimento_Nutriente VALUES ('Boysenberries','Thiamin', 26.0 );
INSERT INTO Alimento_Nutriente VALUES ('Boysenberries','Riboflavin', 29.0 );
INSERT INTO Alimento_Nutriente VALUES ('Boysenberries','Niacin', 230.0 );
INSERT INTO Alimento_Nutriente VALUES ('Boysenberries','Vitamin B-6', 38.0 );
INSERT INTO Alimento_Nutriente VALUES ('Boysenberries','Folate', 34.0 );
INSERT INTO Alimento_Nutriente VALUES ('Boysenberries','Vitamin B-12', 0.0 );
INSERT INTO Alimento_Nutriente VALUES ('Boysenberries','Vitamin A', 2.0 );
INSERT INTO Alimento_Nutriente VALUES ('Boysenberries','Vitamin D', 0.0 );
INSERT INTO Alimento VALUES ('Breadfruit');
INSERT INTO Alimento_Nutriente VALUES ('Breadfruit','Calcium', 17000.0 );
INSERT INTO Alimento_Nutriente VALUES ('Breadfruit','Iron', 540.0 );
INSERT INTO Alimento_Nutriente VALUES ('Breadfruit','Magnesium', 25000.0 );
INSERT INTO Alimento_Nutriente VALUES ('Breadfruit','Phosphorus', 30000.0 );
INSERT INTO Alimento_Nutriente VALUES ('Breadfruit','Potassium', 490000.0 );
INSERT INTO Alimento_Nutriente VALUES ('Breadfruit','Zinc', 120.0 );
INSERT INTO Alimento_Nutriente VALUES ('Breadfruit','Vitamin C', 29000.0 );
INSERT INTO Alimento_Nutriente VALUES ('Breadfruit','Thiamin', 110.0 );
INSERT INTO Alimento_Nutriente VALUES ('Breadfruit','Riboflavin', 30.0 );
INSERT INTO Alimento_Nutriente VALUES ('Breadfruit','Niacin', 900.0 );
INSERT INTO Alimento_Nutriente VALUES ('Breadfruit','Vitamin B-6', 100.0 );
INSERT INTO Alimento_Nutriente VALUES ('Breadfruit','Folate', 14.0 );
INSERT INTO Alimento_Nutriente VALUES ('Breadfruit','Vitamin B-12', 0.0 );
INSERT INTO Alimento_Nutriente VALUES ('Breadfruit','Vitamin A', 0.0 );
INSERT INTO Alimento_Nutriente VALUES ('Breadfruit','Vitamin E', 100.0 );
INSERT INTO Alimento_Nutriente VALUES ('Breadfruit','Vitamin D', 0.0 );
INSERT INTO Alimento_Nutriente VALUES ('Breadfruit','Vitamin K', 0.5 );
INSERT INTO Alimento VALUES ('Candied fruit');
INSERT INTO Alimento_Nutriente VALUES ('Candied fruit','Calcium', 18000.0 );
INSERT INTO Alimento_Nutriente VALUES ('Candied fruit','Iron', 170.0 );
INSERT INTO Alimento_Nutriente VALUES ('Candied fruit','Magnesium', 4000.0 );
INSERT INTO Alimento_Nutriente VALUES ('Candied fruit','Phosphorus', 5000.0 );
INSERT INTO Alimento_Nutriente VALUES ('Candied fruit','Potassium', 56000.0 );
INSERT INTO Alimento_Nutriente VALUES ('Candied fruit','Zinc', 50.0 );
INSERT INTO Alimento_Nutriente VALUES ('Candied fruit','Vitamin C', 0.0 );
INSERT INTO Alimento_Nutriente VALUES ('Candied fruit','Thiamin', 0.0 );
INSERT INTO Alimento_Nutriente VALUES ('Candied fruit','Riboflavin', 0.0 );
INSERT INTO Alimento_Nutriente VALUES ('Candied fruit','Niacin', 0.0 );
INSERT INTO Alimento_Nutriente VALUES ('Candied fruit','Vitamin B-6', 0.0 );
INSERT INTO Alimento_Nutriente VALUES ('Candied fruit','Folate', 0.0 );
INSERT INTO Alimento_Nutriente VALUES ('Candied fruit','Vitamin B-12', 0.0 );
INSERT INTO Alimento_Nutriente VALUES ('Candied fruit','Vitamin A', 1.0 );
INSERT INTO Alimento_Nutriente VALUES ('Candied fruit','Vitamin E', 40.0 );
INSERT INTO Alimento_Nutriente VALUES ('Candied fruit','Vitamin D', 0.0 );
INSERT INTO Alimento_Nutriente VALUES ('Candied fruit','Vitamin K', 0.3 );
INSERT INTO Alimento VALUES ('Carambola');
INSERT INTO Alimento_Nutriente VALUES ('Carambola','Calcium', 3000.0 );
INSERT INTO Alimento_Nutriente VALUES ('Carambola','Iron', 80.0 );
INSERT INTO Alimento_Nutriente VALUES ('Carambola','Magnesium', 10000.0 );
INSERT INTO Alimento_Nutriente VALUES ('Carambola','Phosphorus', 12000.0 );
INSERT INTO Alimento_Nutriente VALUES ('Carambola','Potassium', 133000.0 );
INSERT INTO Alimento_Nutriente VALUES ('Carambola','Zinc', 120.0 );
INSERT INTO Alimento_Nutriente VALUES ('Carambola','Vitamin C', 34400.0 );
INSERT INTO Alimento_Nutriente VALUES ('Carambola','Thiamin', 14.0 );
INSERT INTO Alimento_Nutriente VALUES ('Carambola','Riboflavin', 16.0 );
INSERT INTO Alimento_Nutriente VALUES ('Carambola','Niacin', 367.0 );
INSERT INTO Alimento_Nutriente VALUES ('Carambola','Vitamin B-6', 17.0 );
INSERT INTO Alimento_Nutriente VALUES ('Carambola','Folate', 12.0 );
INSERT INTO Alimento_Nutriente VALUES ('Carambola','Vitamin B-12', 0.0 );
INSERT INTO Alimento_Nutriente VALUES ('Carambola','Vitamin A', 3.0 );
INSERT INTO Alimento_Nutriente VALUES ('Carambola','Vitamin E', 150.0 );
INSERT INTO Alimento_Nutriente VALUES ('Carambola','Vitamin D', 0.0 );
INSERT INTO Alimento_Nutriente VALUES ('Carambola','Vitamin K', 0.0 );
INSERT INTO Alimento VALUES ('Carissa');
INSERT INTO Alimento_Nutriente VALUES ('Carissa','Calcium', 11000.0 );
INSERT INTO Alimento_Nutriente VALUES ('Carissa','Iron', 1310.0 );
INSERT INTO Alimento_Nutriente VALUES ('Carissa','Magnesium', 16000.0 );
INSERT INTO Alimento_Nutriente VALUES ('Carissa','Phosphorus', 7000.0 );
INSERT INTO Alimento_Nutriente VALUES ('Carissa','Potassium', 260000.0 );
INSERT INTO Alimento_Nutriente VALUES ('Carissa','Vitamin C', 38000.0 );
INSERT INTO Alimento_Nutriente VALUES ('Carissa','Thiamin', 40.0 );
INSERT INTO Alimento_Nutriente VALUES ('Carissa','Riboflavin', 60.0 );
INSERT INTO Alimento_Nutriente VALUES ('Carissa','Niacin', 200.0 );
INSERT INTO Alimento_Nutriente VALUES ('Carissa','Vitamin B-12', 0.0 );
INSERT INTO Alimento_Nutriente VALUES ('Carissa','Vitamin A', 2.0 );
INSERT INTO Alimento VALUES ('Cherimoya');
INSERT INTO Alimento_Nutriente VALUES ('Cherimoya','Calcium', 10000.0 );
INSERT INTO Alimento_Nutriente VALUES ('Cherimoya','Iron', 270.0 );
INSERT INTO Alimento_Nutriente VALUES ('Cherimoya','Magnesium', 17000.0 );
INSERT INTO Alimento_Nutriente VALUES ('Cherimoya','Phosphorus', 26000.0 );
INSERT INTO Alimento_Nutriente VALUES ('Cherimoya','Potassium', 287000.0 );
INSERT INTO Alimento_Nutriente VALUES ('Cherimoya','Zinc', 160.0 );
INSERT INTO Alimento_Nutriente VALUES ('Cherimoya','Vitamin C', 12600.0 );
INSERT INTO Alimento_Nutriente VALUES ('Cherimoya','Thiamin', 101.0 );
INSERT INTO Alimento_Nutriente VALUES ('Cherimoya','Riboflavin', 131.0 );
INSERT INTO Alimento_Nutriente VALUES ('Cherimoya','Niacin', 644.0 );
INSERT INTO Alimento_Nutriente VALUES ('Cherimoya','Vitamin B-6', 257.0 );
INSERT INTO Alimento_Nutriente VALUES ('Cherimoya','Folate', 23.0 );
INSERT INTO Alimento_Nutriente VALUES ('Cherimoya','Vitamin B-12', 0.0 );
INSERT INTO Alimento_Nutriente VALUES ('Cherimoya','Vitamin A', 0.0 );
INSERT INTO Alimento_Nutriente VALUES ('Cherimoya','Vitamin E', 270.0 );
INSERT INTO Alimento VALUES ('Cherries');
INSERT INTO Alimento_Nutriente VALUES ('Cherries','Calcium', 11000.0 );
INSERT INTO Alimento_Nutriente VALUES ('Cherries','Iron', 640.0 );
INSERT INTO Alimento_Nutriente VALUES ('Cherries','Magnesium', 8000.0 );
INSERT INTO Alimento_Nutriente VALUES ('Cherries','Phosphorus', 16000.0 );
INSERT INTO Alimento_Nutriente VALUES ('Cherries','Potassium', 115000.0 );
INSERT INTO Alimento_Nutriente VALUES ('Cherries','Zinc', 70.0 );
INSERT INTO Alimento_Nutriente VALUES ('Cherries','Vitamin C', 300.0 );
INSERT INTO Alimento_Nutriente VALUES ('Cherries','Thiamin', 25.0 );
INSERT INTO Alimento_Nutriente VALUES ('Cherries','Riboflavin', 65.0 );
INSERT INTO Alimento_Nutriente VALUES ('Cherries','Niacin', 260.0 );
INSERT INTO Alimento_Nutriente VALUES ('Cherries','Vitamin B-6', 47.0 );
INSERT INTO Alimento_Nutriente VALUES ('Cherries','Vitamin B-12', 0.0 );
INSERT INTO Alimento_Nutriente VALUES ('Cherries','Vitamin K', 8.1 );
INSERT INTO Alimento VALUES ('Clementines');
INSERT INTO Alimento_Nutriente VALUES ('Clementines','Calcium', 30000.0 );
INSERT INTO Alimento_Nutriente VALUES ('Clementines','Iron', 140.0 );
INSERT INTO Alimento_Nutriente VALUES ('Clementines','Magnesium', 10000.0 );
INSERT INTO Alimento_Nutriente VALUES ('Clementines','Phosphorus', 21000.0 );
INSERT INTO Alimento_Nutriente VALUES ('Clementines','Potassium', 177000.0 );
INSERT INTO Alimento_Nutriente VALUES ('Clementines','Zinc', 60.0 );
INSERT INTO Alimento_Nutriente VALUES ('Clementines','Vitamin C', 48800.0 );
INSERT INTO Alimento_Nutriente VALUES ('Clementines','Thiamin', 86.0 );
INSERT INTO Alimento_Nutriente VALUES ('Clementines','Riboflavin', 30.0 );
INSERT INTO Alimento_Nutriente VALUES ('Clementines','Niacin', 636.0 );
INSERT INTO Alimento_Nutriente VALUES ('Clementines','Vitamin B-6', 75.0 );
INSERT INTO Alimento_Nutriente VALUES ('Clementines','Folate', 24.0 );
INSERT INTO Alimento_Nutriente VALUES ('Clementines','Vitamin E', 200.0 );
INSERT INTO Alimento_Nutriente VALUES ('Clementines','Vitamin D', 0.0 );
INSERT INTO Alimento_Nutriente VALUES ('Clementines','Vitamin K', 0.0 );
INSERT INTO Alimento VALUES ('Crabapples');
INSERT INTO Alimento_Nutriente VALUES ('Crabapples','Calcium', 18000.0 );
INSERT INTO Alimento_Nutriente VALUES ('Crabapples','Iron', 360.0 );
INSERT INTO Alimento_Nutriente VALUES ('Crabapples','Magnesium', 7000.0 );
INSERT INTO Alimento_Nutriente VALUES ('Crabapples','Phosphorus', 15000.0 );
INSERT INTO Alimento_Nutriente VALUES ('Crabapples','Potassium', 194000.0 );
INSERT INTO Alimento_Nutriente VALUES ('Crabapples','Vitamin C', 8000.0 );
INSERT INTO Alimento_Nutriente VALUES ('Crabapples','Thiamin', 30.0 );
INSERT INTO Alimento_Nutriente VALUES ('Crabapples','Riboflavin', 20.0 );
INSERT INTO Alimento_Nutriente VALUES ('Crabapples','Niacin', 100.0 );
INSERT INTO Alimento_Nutriente VALUES ('Crabapples','Vitamin B-12', 0.0 );
INSERT INTO Alimento_Nutriente VALUES ('Crabapples','Vitamin A', 2.0 );
INSERT INTO Alimento VALUES ('Cranberries');
INSERT INTO Alimento_Nutriente VALUES ('Cranberries','Calcium', 10000.0 );
INSERT INTO Alimento_Nutriente VALUES ('Cranberries','Iron', 530.0 );
INSERT INTO Alimento_Nutriente VALUES ('Cranberries','Magnesium', 5000.0 );
INSERT INTO Alimento_Nutriente VALUES ('Cranberries','Phosphorus', 8000.0 );
INSERT INTO Alimento_Nutriente VALUES ('Cranberries','Potassium', 40000.0 );
INSERT INTO Alimento_Nutriente VALUES ('Cranberries','Zinc', 110.0 );
INSERT INTO Alimento_Nutriente VALUES ('Cranberries','Vitamin C', 200.0 );
INSERT INTO Alimento_Nutriente VALUES ('Cranberries','Thiamin', 7.0 );
INSERT INTO Alimento_Nutriente VALUES ('Cranberries','Riboflavin', 16.0 );
INSERT INTO Alimento_Nutriente VALUES ('Cranberries','Niacin', 990.0 );
INSERT INTO Alimento_Nutriente VALUES ('Cranberries','Vitamin B-6', 38.0 );
INSERT INTO Alimento_Nutriente VALUES ('Cranberries','Folate', 0.0 );
INSERT INTO Alimento_Nutriente VALUES ('Cranberries','Vitamin B-12', 0.0 );
INSERT INTO Alimento_Nutriente VALUES ('Cranberries','Vitamin A', 0.0 );
INSERT INTO Alimento_Nutriente VALUES ('Cranberries','Vitamin E', 1070.0 );
INSERT INTO Alimento_Nutriente VALUES ('Cranberries','Vitamin D', 0.0 );
INSERT INTO Alimento_Nutriente VALUES ('Cranberries','Vitamin K', 3.8 );
INSERT INTO Alimento VALUES ('Cranberry juice');
INSERT INTO Alimento_Nutriente VALUES ('Cranberry juice','Calcium', 8000.0 );
INSERT INTO Alimento_Nutriente VALUES ('Cranberry juice','Iron', 250.0 );
INSERT INTO Alimento_Nutriente VALUES ('Cranberry juice','Magnesium', 6000.0 );
INSERT INTO Alimento_Nutriente VALUES ('Cranberry juice','Phosphorus', 13000.0 );
INSERT INTO Alimento_Nutriente VALUES ('Cranberry juice','Potassium', 77000.0 );
INSERT INTO Alimento_Nutriente VALUES ('Cranberry juice','Zinc', 100.0 );
INSERT INTO Alimento_Nutriente VALUES ('Cranberry juice','Vitamin C', 9300.0 );
INSERT INTO Alimento_Nutriente VALUES ('Cranberry juice','Thiamin', 9.0 );
INSERT INTO Alimento_Nutriente VALUES ('Cranberry juice','Riboflavin', 18.0 );
INSERT INTO Alimento_Nutriente VALUES ('Cranberry juice','Niacin', 91.0 );
INSERT INTO Alimento_Nutriente VALUES ('Cranberry juice','Vitamin B-6', 52.0 );
INSERT INTO Alimento_Nutriente VALUES ('Cranberry juice','Folate', 1.0 );
INSERT INTO Alimento_Nutriente VALUES ('Cranberry juice','Vitamin B-12', 0.0 );
INSERT INTO Alimento_Nutriente VALUES ('Cranberry juice','Vitamin A', 2.0 );
INSERT INTO Alimento_Nutriente VALUES ('Cranberry juice','Vitamin E', 1200.0 );
INSERT INTO Alimento_Nutriente VALUES ('Cranberry juice','Vitamin D', 0.0 );
INSERT INTO Alimento_Nutriente VALUES ('Cranberry juice','Vitamin K', 5.1 );
INSERT INTO Alimento VALUES ('Cranberry-orange relish');
INSERT INTO Alimento_Nutriente VALUES ('Cranberry-orange relish','Calcium', 11000.0 );
INSERT INTO Alimento_Nutriente VALUES ('Cranberry-orange relish','Iron', 200.0 );
INSERT INTO Alimento_Nutriente VALUES ('Cranberry-orange relish','Magnesium', 4000.0 );
INSERT INTO Alimento_Nutriente VALUES ('Cranberry-orange relish','Phosphorus', 8000.0 );
INSERT INTO Alimento_Nutriente VALUES ('Cranberry-orange relish','Potassium', 38000.0 );
INSERT INTO Alimento_Nutriente VALUES ('Cranberry-orange relish','Vitamin C', 18000.0 );
INSERT INTO Alimento_Nutriente VALUES ('Cranberry-orange relish','Thiamin', 30.0 );
INSERT INTO Alimento_Nutriente VALUES ('Cranberry-orange relish','Riboflavin', 20.0 );
INSERT INTO Alimento_Nutriente VALUES ('Cranberry-orange relish','Niacin', 100.0 );
INSERT INTO Alimento_Nutriente VALUES ('Cranberry-orange relish','Vitamin B-12', 0.0 );
INSERT INTO Alimento_Nutriente VALUES ('Cranberry-orange relish','Vitamin A', 4.0 );
INSERT INTO Alimento VALUES ('Cranberry sauce');
INSERT INTO Alimento_Nutriente VALUES ('Cranberry sauce','Calcium', 4000.0 );
INSERT INTO Alimento_Nutriente VALUES ('Cranberry sauce','Iron', 220.0 );
INSERT INTO Alimento_Nutriente VALUES ('Cranberry sauce','Magnesium', 3000.0 );
INSERT INTO Alimento_Nutriente VALUES ('Cranberry sauce','Phosphorus', 6000.0 );
INSERT INTO Alimento_Nutriente VALUES ('Cranberry sauce','Potassium', 26000.0 );
INSERT INTO Alimento_Nutriente VALUES ('Cranberry sauce','Zinc', 50.0 );
INSERT INTO Alimento_Nutriente VALUES ('Cranberry sauce','Vitamin C', 2000.0 );
INSERT INTO Alimento_Nutriente VALUES ('Cranberry sauce','Thiamin', 15.0 );
INSERT INTO Alimento_Nutriente VALUES ('Cranberry sauce','Riboflavin', 21.0 );
INSERT INTO Alimento_Nutriente VALUES ('Cranberry sauce','Niacin', 100.0 );
INSERT INTO Alimento_Nutriente VALUES ('Cranberry sauce','Vitamin B-6', 14.0 );
INSERT INTO Alimento_Nutriente VALUES ('Cranberry sauce','Folate', 1.0 );
INSERT INTO Alimento_Nutriente VALUES ('Cranberry sauce','Vitamin B-12', 0.0 );
INSERT INTO Alimento_Nutriente VALUES ('Cranberry sauce','Vitamin A', 2.0 );
INSERT INTO Alimento_Nutriente VALUES ('Cranberry sauce','Vitamin E', 830.0 );
INSERT INTO Alimento_Nutriente VALUES ('Cranberry sauce','Vitamin D', 0.0 );
INSERT INTO Alimento_Nutriente VALUES ('Cranberry sauce','Vitamin K', 1.4 );
INSERT INTO Alimento VALUES ('Currants');
INSERT INTO Alimento_Nutriente VALUES ('Currants','Calcium', 55000.0 );
INSERT INTO Alimento_Nutriente VALUES ('Currants','Iron', 1540.0 );
INSERT INTO Alimento_Nutriente VALUES ('Currants','Magnesium', 24000.0 );
INSERT INTO Alimento_Nutriente VALUES ('Currants','Phosphorus', 59000.0 );
INSERT INTO Alimento_Nutriente VALUES ('Currants','Potassium', 322000.0 );
INSERT INTO Alimento_Nutriente VALUES ('Currants','Zinc', 270.0 );
INSERT INTO Alimento_Nutriente VALUES ('Currants','Vitamin C', 181000.0 );
INSERT INTO Alimento_Nutriente VALUES ('Currants','Thiamin', 50.0 );
INSERT INTO Alimento_Nutriente VALUES ('Currants','Riboflavin', 50.0 );
INSERT INTO Alimento_Nutriente VALUES ('Currants','Niacin', 300.0 );
INSERT INTO Alimento_Nutriente VALUES ('Currants','Vitamin B-6', 66.0 );
INSERT INTO Alimento_Nutriente VALUES ('Currants','Vitamin B-12', 0.0 );
INSERT INTO Alimento_Nutriente VALUES ('Currants','Vitamin A', 12.0 );
INSERT INTO Alimento_Nutriente VALUES ('Currants','Vitamin E', 1000.0 );
INSERT INTO Alimento VALUES ('Custard-apple');
INSERT INTO Alimento_Nutriente VALUES ('Custard-apple','Calcium', 30000.0 );
INSERT INTO Alimento_Nutriente VALUES ('Custard-apple','Iron', 710.0 );
INSERT INTO Alimento_Nutriente VALUES ('Custard-apple','Magnesium', 18000.0 );
INSERT INTO Alimento_Nutriente VALUES ('Custard-apple','Phosphorus', 21000.0 );
INSERT INTO Alimento_Nutriente VALUES ('Custard-apple','Potassium', 382000.0 );
INSERT INTO Alimento_Nutriente VALUES ('Custard-apple','Vitamin C', 19200.0 );
INSERT INTO Alimento_Nutriente VALUES ('Custard-apple','Thiamin', 80.0 );
INSERT INTO Alimento_Nutriente VALUES ('Custard-apple','Riboflavin', 100.0 );
INSERT INTO Alimento_Nutriente VALUES ('Custard-apple','Niacin', 500.0 );
INSERT INTO Alimento_Nutriente VALUES ('Custard-apple','Vitamin B-6', 221.0 );
INSERT INTO Alimento_Nutriente VALUES ('Custard-apple','Vitamin B-12', 0.0 );
INSERT INTO Alimento_Nutriente VALUES ('Custard-apple','Vitamin A', 2.0 );
INSERT INTO Alimento VALUES ('Dates');
INSERT INTO Alimento_Nutriente VALUES ('Dates','Calcium', 39000.0 );
INSERT INTO Alimento_Nutriente VALUES ('Dates','Iron', 1020.0 );
INSERT INTO Alimento_Nutriente VALUES ('Dates','Magnesium', 43000.0 );
INSERT INTO Alimento_Nutriente VALUES ('Dates','Phosphorus', 62000.0 );
INSERT INTO Alimento_Nutriente VALUES ('Dates','Potassium', 656000.0 );
INSERT INTO Alimento_Nutriente VALUES ('Dates','Zinc', 290.0 );
INSERT INTO Alimento_Nutriente VALUES ('Dates','Vitamin C', 400.0 );
INSERT INTO Alimento_Nutriente VALUES ('Dates','Thiamin', 52.0 );
INSERT INTO Alimento_Nutriente VALUES ('Dates','Riboflavin', 66.0 );
INSERT INTO Alimento_Nutriente VALUES ('Dates','Niacin', 1274.0 );
INSERT INTO Alimento_Nutriente VALUES ('Dates','Vitamin B-6', 165.0 );
INSERT INTO Alimento_Nutriente VALUES ('Dates','Folate', 19.0 );
INSERT INTO Alimento_Nutriente VALUES ('Dates','Vitamin B-12', 0.0 );
INSERT INTO Alimento_Nutriente VALUES ('Dates','Vitamin A', 0.0 );
INSERT INTO Alimento_Nutriente VALUES ('Dates','Vitamin E', 50.0 );
INSERT INTO Alimento_Nutriente VALUES ('Dates','Vitamin D', 0.0 );
INSERT INTO Alimento_Nutriente VALUES ('Dates','Vitamin K', 2.7 );
INSERT INTO Alimento VALUES ('Durian');
INSERT INTO Alimento_Nutriente VALUES ('Durian','Calcium', 6000.0 );
INSERT INTO Alimento_Nutriente VALUES ('Durian','Iron', 430.0 );
INSERT INTO Alimento_Nutriente VALUES ('Durian','Magnesium', 30000.0 );
INSERT INTO Alimento_Nutriente VALUES ('Durian','Phosphorus', 39000.0 );
INSERT INTO Alimento_Nutriente VALUES ('Durian','Potassium', 436000.0 );
INSERT INTO Alimento_Nutriente VALUES ('Durian','Zinc', 280.0 );
INSERT INTO Alimento_Nutriente VALUES ('Durian','Vitamin C', 19700.0 );
INSERT INTO Alimento_Nutriente VALUES ('Durian','Thiamin', 374.0 );
INSERT INTO Alimento_Nutriente VALUES ('Durian','Riboflavin', 200.0 );
INSERT INTO Alimento_Nutriente VALUES ('Durian','Niacin', 1074.0 );
INSERT INTO Alimento_Nutriente VALUES ('Durian','Vitamin B-6', 316.0 );
INSERT INTO Alimento_Nutriente VALUES ('Durian','Vitamin B-12', 0.0 );
INSERT INTO Alimento_Nutriente VALUES ('Durian','Vitamin A', 2.0 );
INSERT INTO Alimento VALUES ('Elderberries');
INSERT INTO Alimento_Nutriente VALUES ('Elderberries','Calcium', 38000.0 );
INSERT INTO Alimento_Nutriente VALUES ('Elderberries','Iron', 1600.0 );
INSERT INTO Alimento_Nutriente VALUES ('Elderberries','Magnesium', 5000.0 );
INSERT INTO Alimento_Nutriente VALUES ('Elderberries','Phosphorus', 39000.0 );
INSERT INTO Alimento_Nutriente VALUES ('Elderberries','Potassium', 280000.0 );
INSERT INTO Alimento_Nutriente VALUES ('Elderberries','Zinc', 110.0 );
INSERT INTO Alimento_Nutriente VALUES ('Elderberries','Vitamin C', 36000.0 );
INSERT INTO Alimento_Nutriente VALUES ('Elderberries','Thiamin', 70.0 );
INSERT INTO Alimento_Nutriente VALUES ('Elderberries','Riboflavin', 60.0 );
INSERT INTO Alimento_Nutriente VALUES ('Elderberries','Niacin', 500.0 );
INSERT INTO Alimento_Nutriente VALUES ('Elderberries','Vitamin B-6', 230.0 );
INSERT INTO Alimento_Nutriente VALUES ('Elderberries','Folate', 6.0 );
INSERT INTO Alimento_Nutriente VALUES ('Elderberries','Vitamin B-12', 0.0 );
INSERT INTO Alimento_Nutriente VALUES ('Elderberries','Vitamin A', 30.0 );
INSERT INTO Alimento VALUES ('Feijoa');
INSERT INTO Alimento_Nutriente VALUES ('Feijoa','Calcium', 17000.0 );
INSERT INTO Alimento_Nutriente VALUES ('Feijoa','Iron', 140.0 );
INSERT INTO Alimento_Nutriente VALUES ('Feijoa','Magnesium', 9000.0 );
INSERT INTO Alimento_Nutriente VALUES ('Feijoa','Phosphorus', 19000.0 );
INSERT INTO Alimento_Nutriente VALUES ('Feijoa','Potassium', 172000.0 );
INSERT INTO Alimento_Nutriente VALUES ('Feijoa','Zinc', 60.0 );
INSERT INTO Alimento_Nutriente VALUES ('Feijoa','Vitamin C', 32900.0 );
INSERT INTO Alimento_Nutriente VALUES ('Feijoa','Thiamin', 6.0 );
INSERT INTO Alimento_Nutriente VALUES ('Feijoa','Riboflavin', 18.0 );
INSERT INTO Alimento_Nutriente VALUES ('Feijoa','Niacin', 295.0 );
INSERT INTO Alimento_Nutriente VALUES ('Feijoa','Vitamin B-6', 67.0 );
INSERT INTO Alimento_Nutriente VALUES ('Feijoa','Folate', 23.0 );
INSERT INTO Alimento_Nutriente VALUES ('Feijoa','Vitamin B-12', 0.0 );
INSERT INTO Alimento_Nutriente VALUES ('Feijoa','Vitamin A', 0.0 );
INSERT INTO Alimento_Nutriente VALUES ('Feijoa','Vitamin E', 160.0 );
INSERT INTO Alimento_Nutriente VALUES ('Feijoa','Vitamin K', 3.5 );
INSERT INTO Alimento VALUES ('Figs');
INSERT INTO Alimento_Nutriente VALUES ('Figs','Calcium', 26000.0 );
INSERT INTO Alimento_Nutriente VALUES ('Figs','Iron', 280.0 );
INSERT INTO Alimento_Nutriente VALUES ('Figs','Magnesium', 10000.0 );
INSERT INTO Alimento_Nutriente VALUES ('Figs','Phosphorus', 10000.0 );
INSERT INTO Alimento_Nutriente VALUES ('Figs','Potassium', 97000.0 );
INSERT INTO Alimento_Nutriente VALUES ('Figs','Zinc', 110.0 );
INSERT INTO Alimento_Nutriente VALUES ('Figs','Vitamin C', 1000.0 );
INSERT INTO Alimento_Nutriente VALUES ('Figs','Thiamin', 22.0 );
INSERT INTO Alimento_Nutriente VALUES ('Figs','Riboflavin', 36.0 );
INSERT INTO Alimento_Nutriente VALUES ('Figs','Niacin', 419.0 );
INSERT INTO Alimento_Nutriente VALUES ('Figs','Vitamin B-12', 0.0 );
INSERT INTO Alimento_Nutriente VALUES ('Figs','Vitamin A', 2.0 );
INSERT INTO Alimento_Nutriente VALUES ('Figs','Vitamin D', 0.0 );
INSERT INTO Alimento VALUES ('Fruit cocktail');
INSERT INTO Alimento_Nutriente VALUES ('Fruit cocktail','Calcium', 7000.0 );
INSERT INTO Alimento_Nutriente VALUES ('Fruit cocktail','Iron', 290.0 );
INSERT INTO Alimento_Nutriente VALUES ('Fruit cocktail','Magnesium', 5000.0 );
INSERT INTO Alimento_Nutriente VALUES ('Fruit cocktail','Phosphorus', 12000.0 );
INSERT INTO Alimento_Nutriente VALUES ('Fruit cocktail','Potassium', 90000.0 );
INSERT INTO Alimento_Nutriente VALUES ('Fruit cocktail','Zinc', 80.0 );
INSERT INTO Alimento_Nutriente VALUES ('Fruit cocktail','Vitamin C', 1900.0 );
INSERT INTO Alimento_Nutriente VALUES ('Fruit cocktail','Thiamin', 19.0 );
INSERT INTO Alimento_Nutriente VALUES ('Fruit cocktail','Riboflavin', 21.0 );
INSERT INTO Alimento_Nutriente VALUES ('Fruit cocktail','Niacin', 374.0 );
INSERT INTO Alimento_Nutriente VALUES ('Fruit cocktail','Vitamin B-6', 51.0 );
INSERT INTO Alimento_Nutriente VALUES ('Fruit cocktail','Folate', 3.0 );
INSERT INTO Alimento_Nutriente VALUES ('Fruit cocktail','Vitamin B-12', 0.0 );
INSERT INTO Alimento_Nutriente VALUES ('Fruit cocktail','Vitamin A', 14.0 );
INSERT INTO Alimento_Nutriente VALUES ('Fruit cocktail','Vitamin E', 600.0 );
INSERT INTO Alimento_Nutriente VALUES ('Fruit cocktail','Vitamin D', 0.0 );
INSERT INTO Alimento_Nutriente VALUES ('Fruit cocktail','Vitamin K', 3.9 );
INSERT INTO Alimento VALUES ('Fruit salad');
INSERT INTO Alimento_Nutriente VALUES ('Fruit salad','Calcium', 6000.0 );
INSERT INTO Alimento_Nutriente VALUES ('Fruit salad','Iron', 280.0 );
INSERT INTO Alimento_Nutriente VALUES ('Fruit salad','Magnesium', 5000.0 );
INSERT INTO Alimento_Nutriente VALUES ('Fruit salad','Phosphorus', 9000.0 );
INSERT INTO Alimento_Nutriente VALUES ('Fruit salad','Potassium', 80000.0 );
INSERT INTO Alimento_Nutriente VALUES ('Fruit salad','Zinc', 70.0 );
INSERT INTO Alimento_Nutriente VALUES ('Fruit salad','Vitamin C', 2100.0 );
INSERT INTO Alimento_Nutriente VALUES ('Fruit salad','Thiamin', 14.0 );
INSERT INTO Alimento_Nutriente VALUES ('Fruit salad','Riboflavin', 20.0 );
INSERT INTO Alimento_Nutriente VALUES ('Fruit salad','Niacin', 353.0 );
INSERT INTO Alimento_Nutriente VALUES ('Fruit salad','Vitamin B-6', 32.0 );
INSERT INTO Alimento_Nutriente VALUES ('Fruit salad','Folate', 3.0 );
INSERT INTO Alimento_Nutriente VALUES ('Fruit salad','Vitamin B-12', 0.0 );
INSERT INTO Alimento_Nutriente VALUES ('Fruit salad','Vitamin A', 32.0 );
INSERT INTO Alimento_Nutriente VALUES ('Fruit salad','Vitamin D', 0.0 );
INSERT INTO Alimento VALUES ('Gooseberries');
INSERT INTO Alimento_Nutriente VALUES ('Gooseberries','Calcium', 16000.0 );
INSERT INTO Alimento_Nutriente VALUES ('Gooseberries','Iron', 330.0 );
INSERT INTO Alimento_Nutriente VALUES ('Gooseberries','Magnesium', 6000.0 );
INSERT INTO Alimento_Nutriente VALUES ('Gooseberries','Phosphorus', 7000.0 );
INSERT INTO Alimento_Nutriente VALUES ('Gooseberries','Potassium', 77000.0 );
INSERT INTO Alimento_Nutriente VALUES ('Gooseberries','Zinc', 110.0 );
INSERT INTO Alimento_Nutriente VALUES ('Gooseberries','Vitamin C', 10000.0 );
INSERT INTO Alimento_Nutriente VALUES ('Gooseberries','Thiamin', 20.0 );
INSERT INTO Alimento_Nutriente VALUES ('Gooseberries','Riboflavin', 53.0 );
INSERT INTO Alimento_Nutriente VALUES ('Gooseberries','Niacin', 153.0 );
INSERT INTO Alimento_Nutriente VALUES ('Gooseberries','Vitamin B-6', 12.0 );
INSERT INTO Alimento_Nutriente VALUES ('Gooseberries','Folate', 3.0 );
INSERT INTO Alimento_Nutriente VALUES ('Gooseberries','Vitamin B-12', 0.0 );
INSERT INTO Alimento_Nutriente VALUES ('Gooseberries','Vitamin A', 7.0 );
INSERT INTO Alimento VALUES ('Grapefruit juice');
INSERT INTO Alimento_Nutriente VALUES ('Grapefruit juice','Calcium', 9000.0 );
INSERT INTO Alimento_Nutriente VALUES ('Grapefruit juice','Iron', 200.0 );
INSERT INTO Alimento_Nutriente VALUES ('Grapefruit juice','Magnesium', 12000.0 );
INSERT INTO Alimento_Nutriente VALUES ('Grapefruit juice','Phosphorus', 15000.0 );
INSERT INTO Alimento_Nutriente VALUES ('Grapefruit juice','Potassium', 162000.0 );
INSERT INTO Alimento_Nutriente VALUES ('Grapefruit juice','Zinc', 50.0 );
INSERT INTO Alimento_Nutriente VALUES ('Grapefruit juice','Vitamin C', 38000.0 );
INSERT INTO Alimento_Nutriente VALUES ('Grapefruit juice','Thiamin', 40.0 );
INSERT INTO Alimento_Nutriente VALUES ('Grapefruit juice','Riboflavin', 20.0 );
INSERT INTO Alimento_Nutriente VALUES ('Grapefruit juice','Niacin', 200.0 );
INSERT INTO Alimento_Nutriente VALUES ('Grapefruit juice','Vitamin B-6', 44.0 );
INSERT INTO Alimento_Nutriente VALUES ('Grapefruit juice','Folate', 10.0 );
INSERT INTO Alimento_Nutriente VALUES ('Grapefruit juice','Vitamin B-12', 0.0 );
INSERT INTO Alimento_Nutriente VALUES ('Grapefruit juice','Vitamin A', 22.0 );
INSERT INTO Alimento_Nutriente VALUES ('Grapefruit juice','Vitamin D', 0.0 );
INSERT INTO Alimento VALUES ('Grapefruit');
INSERT INTO Alimento_Nutriente VALUES ('Grapefruit','Calcium', 22000.0 );
INSERT INTO Alimento_Nutriente VALUES ('Grapefruit','Iron', 80.0 );
INSERT INTO Alimento_Nutriente VALUES ('Grapefruit','Magnesium', 9000.0 );
INSERT INTO Alimento_Nutriente VALUES ('Grapefruit','Phosphorus', 18000.0 );
INSERT INTO Alimento_Nutriente VALUES ('Grapefruit','Potassium', 135000.0 );
INSERT INTO Alimento_Nutriente VALUES ('Grapefruit','Zinc', 70.0 );
INSERT INTO Alimento_Nutriente VALUES ('Grapefruit','Vitamin C', 31200.0 );
INSERT INTO Alimento_Nutriente VALUES ('Grapefruit','Thiamin', 43.0 );
INSERT INTO Alimento_Nutriente VALUES ('Grapefruit','Riboflavin', 31.0 );
INSERT INTO Alimento_Nutriente VALUES ('Grapefruit','Niacin', 204.0 );
INSERT INTO Alimento_Nutriente VALUES ('Grapefruit','Vitamin B-6', 53.0 );
INSERT INTO Alimento_Nutriente VALUES ('Grapefruit','Folate', 13.0 );
INSERT INTO Alimento_Nutriente VALUES ('Grapefruit','Vitamin B-12', 0.0 );
INSERT INTO Alimento_Nutriente VALUES ('Grapefruit','Vitamin A', 58.0 );
INSERT INTO Alimento_Nutriente VALUES ('Grapefruit','Vitamin E', 130.0 );
INSERT INTO Alimento_Nutriente VALUES ('Grapefruit','Vitamin D', 0.0 );
INSERT INTO Alimento_Nutriente VALUES ('Grapefruit','Vitamin K', 0.0 );
INSERT INTO Alimento VALUES ('Grape juice');
INSERT INTO Alimento_Nutriente VALUES ('Grape juice','Calcium', 11000.0 );
INSERT INTO Alimento_Nutriente VALUES ('Grape juice','Iron', 250.0 );
INSERT INTO Alimento_Nutriente VALUES ('Grape juice','Magnesium', 10000.0 );
INSERT INTO Alimento_Nutriente VALUES ('Grape juice','Phosphorus', 14000.0 );
INSERT INTO Alimento_Nutriente VALUES ('Grape juice','Potassium', 104000.0 );
INSERT INTO Alimento_Nutriente VALUES ('Grape juice','Zinc', 70.0 );
INSERT INTO Alimento_Nutriente VALUES ('Grape juice','Vitamin C', 25000.0 );
INSERT INTO Alimento_Nutriente VALUES ('Grape juice','Thiamin', 17.0 );
INSERT INTO Alimento_Nutriente VALUES ('Grape juice','Riboflavin', 15.0 );
INSERT INTO Alimento_Nutriente VALUES ('Grape juice','Niacin', 133.0 );
INSERT INTO Alimento_Nutriente VALUES ('Grape juice','Vitamin B-6', 32.0 );
INSERT INTO Alimento_Nutriente VALUES ('Grape juice','Folate', 0.0 );
INSERT INTO Alimento_Nutriente VALUES ('Grape juice','Vitamin B-12', 0.0 );
INSERT INTO Alimento_Nutriente VALUES ('Grape juice','Vitamin A', 0.0 );
INSERT INTO Alimento_Nutriente VALUES ('Grape juice','Vitamin E', 0.0 );
INSERT INTO Alimento_Nutriente VALUES ('Grape juice','Vitamin D', 0.0 );
INSERT INTO Alimento_Nutriente VALUES ('Grape juice','Vitamin K', 0.4 );
INSERT INTO Alimento VALUES ('Grapes');
INSERT INTO Alimento_Nutriente VALUES ('Grapes','Calcium', 14000.0 );
INSERT INTO Alimento_Nutriente VALUES ('Grapes','Iron', 290.0 );
INSERT INTO Alimento_Nutriente VALUES ('Grapes','Magnesium', 5000.0 );
INSERT INTO Alimento_Nutriente VALUES ('Grapes','Phosphorus', 10000.0 );
INSERT INTO Alimento_Nutriente VALUES ('Grapes','Potassium', 191000.0 );
INSERT INTO Alimento_Nutriente VALUES ('Grapes','Zinc', 40.0 );
INSERT INTO Alimento_Nutriente VALUES ('Grapes','Vitamin C', 4000.0 );
INSERT INTO Alimento_Nutriente VALUES ('Grapes','Thiamin', 92.0 );
INSERT INTO Alimento_Nutriente VALUES ('Grapes','Riboflavin', 57.0 );
INSERT INTO Alimento_Nutriente VALUES ('Grapes','Niacin', 300.0 );
INSERT INTO Alimento_Nutriente VALUES ('Grapes','Vitamin B-6', 110.0 );
INSERT INTO Alimento_Nutriente VALUES ('Grapes','Folate', 4.0 );
INSERT INTO Alimento_Nutriente VALUES ('Grapes','Vitamin B-12', 0.0 );
INSERT INTO Alimento_Nutriente VALUES ('Grapes','Vitamin A', 5.0 );
INSERT INTO Alimento_Nutriente VALUES ('Grapes','Vitamin E', 190.0 );
INSERT INTO Alimento_Nutriente VALUES ('Grapes','Vitamin D', 0.0 );
INSERT INTO Alimento_Nutriente VALUES ('Grapes','Vitamin K', 14.6 );
INSERT INTO Alimento VALUES ('Groundcherries');
INSERT INTO Alimento_Nutriente VALUES ('Groundcherries','Calcium', 9000.0 );
INSERT INTO Alimento_Nutriente VALUES ('Groundcherries','Iron', 1000.0 );
INSERT INTO Alimento_Nutriente VALUES ('Groundcherries','Phosphorus', 40000.0 );
INSERT INTO Alimento_Nutriente VALUES ('Groundcherries','Vitamin C', 11000.0 );
INSERT INTO Alimento_Nutriente VALUES ('Groundcherries','Thiamin', 110.0 );
INSERT INTO Alimento_Nutriente VALUES ('Groundcherries','Riboflavin', 40.0 );
INSERT INTO Alimento_Nutriente VALUES ('Groundcherries','Niacin', 2800.0 );
INSERT INTO Alimento_Nutriente VALUES ('Groundcherries','Vitamin B-12', 0.0 );
INSERT INTO Alimento_Nutriente VALUES ('Groundcherries','Vitamin A', 36.0 );
INSERT INTO Alimento VALUES ('Guanabana nectar');
INSERT INTO Alimento_Nutriente VALUES ('Guanabana nectar','Calcium', 7000.0 );
INSERT INTO Alimento_Nutriente VALUES ('Guanabana nectar','Iron', 360.0 );
INSERT INTO Alimento_Nutriente VALUES ('Guanabana nectar','Magnesium', 3000.0 );
INSERT INTO Alimento_Nutriente VALUES ('Guanabana nectar','Phosphorus', 2000.0 );
INSERT INTO Alimento_Nutriente VALUES ('Guanabana nectar','Potassium', 25000.0 );
INSERT INTO Alimento_Nutriente VALUES ('Guanabana nectar','Zinc', 20.0 );
INSERT INTO Alimento_Nutriente VALUES ('Guanabana nectar','Vitamin C', 11100.0 );
INSERT INTO Alimento_Nutriente VALUES ('Guanabana nectar','Thiamin', 3.0 );
INSERT INTO Alimento_Nutriente VALUES ('Guanabana nectar','Riboflavin', 11.0 );
INSERT INTO Alimento_Nutriente VALUES ('Guanabana nectar','Niacin', 120.0 );
INSERT INTO Alimento_Nutriente VALUES ('Guanabana nectar','Vitamin B-6', 7.0 );
INSERT INTO Alimento_Nutriente VALUES ('Guanabana nectar','Folate', 6.0 );
INSERT INTO Alimento_Nutriente VALUES ('Guanabana nectar','Vitamin B-12', 0.0 );
INSERT INTO Alimento_Nutriente VALUES ('Guanabana nectar','Vitamin A', 0.0 );
INSERT INTO Alimento_Nutriente VALUES ('Guanabana nectar','Vitamin E', 10.0 );
INSERT INTO Alimento_Nutriente VALUES ('Guanabana nectar','Vitamin D', 0.0 );
INSERT INTO Alimento_Nutriente VALUES ('Guanabana nectar','Vitamin K', 0.0 );
INSERT INTO Alimento VALUES ('Guava nectar');
INSERT INTO Alimento_Nutriente VALUES ('Guava nectar','Calcium', 8000.0 );
INSERT INTO Alimento_Nutriente VALUES ('Guava nectar','Iron', 380.0 );
INSERT INTO Alimento_Nutriente VALUES ('Guava nectar','Magnesium', 2000.0 );
INSERT INTO Alimento_Nutriente VALUES ('Guava nectar','Phosphorus', 2000.0 );
INSERT INTO Alimento_Nutriente VALUES ('Guava nectar','Potassium', 39000.0 );
INSERT INTO Alimento_Nutriente VALUES ('Guava nectar','Zinc', 30.0 );
INSERT INTO Alimento_Nutriente VALUES ('Guava nectar','Vitamin C', 21100.0 );
INSERT INTO Alimento_Nutriente VALUES ('Guava nectar','Thiamin', 3.0 );
INSERT INTO Alimento_Nutriente VALUES ('Guava nectar','Riboflavin', 3.0 );
INSERT INTO Alimento_Nutriente VALUES ('Guava nectar','Niacin', 170.0 );
INSERT INTO Alimento_Nutriente VALUES ('Guava nectar','Vitamin B-6', 10.0 );
INSERT INTO Alimento_Nutriente VALUES ('Guava nectar','Folate', 3.0 );
INSERT INTO Alimento_Nutriente VALUES ('Guava nectar','Vitamin A', 31.8 );
INSERT INTO Alimento_Nutriente VALUES ('Guava nectar','Vitamin E', 50.0 );
INSERT INTO Alimento_Nutriente VALUES ('Guava nectar','Vitamin K', 1.0 );
INSERT INTO Alimento VALUES ('Guava sauce');
INSERT INTO Alimento_Nutriente VALUES ('Guava sauce','Calcium', 7000.0 );
INSERT INTO Alimento_Nutriente VALUES ('Guava sauce','Iron', 180.0 );
INSERT INTO Alimento_Nutriente VALUES ('Guava sauce','Magnesium', 7000.0 );
INSERT INTO Alimento_Nutriente VALUES ('Guava sauce','Phosphorus', 11000.0 );
INSERT INTO Alimento_Nutriente VALUES ('Guava sauce','Potassium', 225000.0 );
INSERT INTO Alimento_Nutriente VALUES ('Guava sauce','Zinc', 170.0 );
INSERT INTO Alimento_Nutriente VALUES ('Guava sauce','Vitamin C', 146400.0 );
INSERT INTO Alimento_Nutriente VALUES ('Guava sauce','Thiamin', 26.0 );
INSERT INTO Alimento_Nutriente VALUES ('Guava sauce','Riboflavin', 13.0 );
INSERT INTO Alimento_Nutriente VALUES ('Guava sauce','Niacin', 420.0 );
INSERT INTO Alimento_Nutriente VALUES ('Guava sauce','Vitamin B-6', 90.0 );
INSERT INTO Alimento_Nutriente VALUES ('Guava sauce','Folate', 5.0 );
INSERT INTO Alimento_Nutriente VALUES ('Guava sauce','Vitamin B-12', 0.0 );
INSERT INTO Alimento_Nutriente VALUES ('Guava sauce','Vitamin A', 14.0 );
INSERT INTO Alimento_Nutriente VALUES ('Guava sauce','Vitamin E', 550.0 );
INSERT INTO Alimento_Nutriente VALUES ('Guava sauce','Vitamin D', 0.0 );
INSERT INTO Alimento_Nutriente VALUES ('Guava sauce','Vitamin K', 1.9 );
INSERT INTO Alimento VALUES ('Guavas');
INSERT INTO Alimento_Nutriente VALUES ('Guavas','Calcium', 18000.0 );
INSERT INTO Alimento_Nutriente VALUES ('Guavas','Iron', 260.0 );
INSERT INTO Alimento_Nutriente VALUES ('Guavas','Magnesium', 22000.0 );
INSERT INTO Alimento_Nutriente VALUES ('Guavas','Phosphorus', 40000.0 );
INSERT INTO Alimento_Nutriente VALUES ('Guavas','Potassium', 417000.0 );
INSERT INTO Alimento_Nutriente VALUES ('Guavas','Zinc', 230.0 );
INSERT INTO Alimento_Nutriente VALUES ('Guavas','Vitamin C', 228300.0 );
INSERT INTO Alimento_Nutriente VALUES ('Guavas','Thiamin', 67.0 );
INSERT INTO Alimento_Nutriente VALUES ('Guavas','Riboflavin', 40.0 );
INSERT INTO Alimento_Nutriente VALUES ('Guavas','Niacin', 1084.0 );
INSERT INTO Alimento_Nutriente VALUES ('Guavas','Vitamin B-6', 110.0 );
INSERT INTO Alimento_Nutriente VALUES ('Guavas','Folate', 49.0 );
INSERT INTO Alimento_Nutriente VALUES ('Guavas','Vitamin B-12', 0.0 );
INSERT INTO Alimento_Nutriente VALUES ('Guavas','Vitamin A', 31.0 );
INSERT INTO Alimento_Nutriente VALUES ('Guavas','Vitamin E', 730.0 );
INSERT INTO Alimento_Nutriente VALUES ('Guavas','Vitamin D', 0.0 );
INSERT INTO Alimento_Nutriente VALUES ('Guavas','Vitamin K', 2.6 );
INSERT INTO Alimento VALUES ('Horned melon (Kiwano)');
INSERT INTO Alimento_Nutriente VALUES ('Horned melon (Kiwano)','Calcium', 13000.0 );
INSERT INTO Alimento_Nutriente VALUES ('Horned melon (Kiwano)','Iron', 1130.0 );
INSERT INTO Alimento_Nutriente VALUES ('Horned melon (Kiwano)','Magnesium', 40000.0 );
INSERT INTO Alimento_Nutriente VALUES ('Horned melon (Kiwano)','Phosphorus', 37000.0 );
INSERT INTO Alimento_Nutriente VALUES ('Horned melon (Kiwano)','Potassium', 123000.0 );
INSERT INTO Alimento_Nutriente VALUES ('Horned melon (Kiwano)','Zinc', 480.0 );
INSERT INTO Alimento_Nutriente VALUES ('Horned melon (Kiwano)','Vitamin C', 5300.0 );
INSERT INTO Alimento_Nutriente VALUES ('Horned melon (Kiwano)','Thiamin', 25.0 );
INSERT INTO Alimento_Nutriente VALUES ('Horned melon (Kiwano)','Riboflavin', 15.0 );
INSERT INTO Alimento_Nutriente VALUES ('Horned melon (Kiwano)','Niacin', 565.0 );
INSERT INTO Alimento_Nutriente VALUES ('Horned melon (Kiwano)','Vitamin B-6', 63.0 );
INSERT INTO Alimento_Nutriente VALUES ('Horned melon (Kiwano)','Folate', 3.0 );
INSERT INTO Alimento_Nutriente VALUES ('Horned melon (Kiwano)','Vitamin A', 7.0 );
INSERT INTO Alimento VALUES ('Jackfruit');
INSERT INTO Alimento_Nutriente VALUES ('Jackfruit','Calcium', 44000.0 );
INSERT INTO Alimento_Nutriente VALUES ('Jackfruit','Iron', 290.0 );
INSERT INTO Alimento_Nutriente VALUES ('Jackfruit','Magnesium', 10000.0 );
INSERT INTO Alimento_Nutriente VALUES ('Jackfruit','Phosphorus', 6000.0 );
INSERT INTO Alimento_Nutriente VALUES ('Jackfruit','Potassium', 96000.0 );
INSERT INTO Alimento_Nutriente VALUES ('Jackfruit','Zinc', 110.0 );
INSERT INTO Alimento_Nutriente VALUES ('Jackfruit','Vitamin C', 500.0 );
INSERT INTO Alimento_Nutriente VALUES ('Jackfruit','Thiamin', 33.0 );
INSERT INTO Alimento_Nutriente VALUES ('Jackfruit','Riboflavin', 36.0 );
INSERT INTO Alimento_Nutriente VALUES ('Jackfruit','Niacin', 677.0 );
INSERT INTO Alimento_Nutriente VALUES ('Jackfruit','Vitamin B-6', 44.0 );
INSERT INTO Alimento_Nutriente VALUES ('Jackfruit','Folate', 14.0 );
INSERT INTO Alimento_Nutriente VALUES ('Jackfruit','Vitamin B-12', 0.0 );
INSERT INTO Alimento_Nutriente VALUES ('Jackfruit','Vitamin A', 0.0 );
INSERT INTO Alimento VALUES ('Java-plum');
INSERT INTO Alimento_Nutriente VALUES ('Java-plum','Calcium', 19000.0 );
INSERT INTO Alimento_Nutriente VALUES ('Java-plum','Iron', 190.0 );
INSERT INTO Alimento_Nutriente VALUES ('Java-plum','Magnesium', 15000.0 );
INSERT INTO Alimento_Nutriente VALUES ('Java-plum','Phosphorus', 17000.0 );
INSERT INTO Alimento_Nutriente VALUES ('Java-plum','Potassium', 79000.0 );
INSERT INTO Alimento_Nutriente VALUES ('Java-plum','Vitamin C', 14300.0 );
INSERT INTO Alimento_Nutriente VALUES ('Java-plum','Thiamin', 6.0 );
INSERT INTO Alimento_Nutriente VALUES ('Java-plum','Riboflavin', 12.0 );
INSERT INTO Alimento_Nutriente VALUES ('Java-plum','Niacin', 260.0 );
INSERT INTO Alimento_Nutriente VALUES ('Java-plum','Vitamin B-6', 38.0 );
INSERT INTO Alimento_Nutriente VALUES ('Java-plum','Vitamin B-12', 0.0 );
INSERT INTO Alimento_Nutriente VALUES ('Java-plum','Vitamin A', 0.0 );
INSERT INTO Alimento VALUES ('Juice');
INSERT INTO Alimento_Nutriente VALUES ('Juice','Calcium', 11000.0 );
INSERT INTO Alimento_Nutriente VALUES ('Juice','Iron', 110.0 );
INSERT INTO Alimento_Nutriente VALUES ('Juice','Magnesium', 7000.0 );
INSERT INTO Alimento_Nutriente VALUES ('Juice','Phosphorus', 9000.0 );
INSERT INTO Alimento_Nutriente VALUES ('Juice','Potassium', 96000.0 );
INSERT INTO Alimento_Nutriente VALUES ('Juice','Zinc', 50.0 );
INSERT INTO Alimento_Nutriente VALUES ('Juice','Thiamin', 6.0 );
INSERT INTO Alimento_Nutriente VALUES ('Juice','Riboflavin', 15.0 );
INSERT INTO Alimento_Nutriente VALUES ('Juice','Niacin', 87.0 );
INSERT INTO Alimento_Nutriente VALUES ('Juice','Vitamin B-6', 21.0 );
INSERT INTO Alimento_Nutriente VALUES ('Juice','Folate', 0.0 );
INSERT INTO Alimento_Nutriente VALUES ('Juice','Vitamin B-12', 0.0 );
INSERT INTO Alimento_Nutriente VALUES ('Juice','Vitamin A', 0.0 );
INSERT INTO Alimento_Nutriente VALUES ('Juice','Vitamin E', 10.0 );
INSERT INTO Alimento_Nutriente VALUES ('Juice','Vitamin D', 0.0 );
INSERT INTO Alimento_Nutriente VALUES ('Juice','Vitamin K', 0.2 );
INSERT INTO Alimento VALUES ('Juice Smoothie');
INSERT INTO Alimento_Nutriente VALUES ('Juice Smoothie','Calcium', 10000.0 );
INSERT INTO Alimento_Nutriente VALUES ('Juice Smoothie','Iron', 210.0 );
INSERT INTO Alimento_Nutriente VALUES ('Juice Smoothie','Potassium', 116000.0 );
INSERT INTO Alimento_Nutriente VALUES ('Juice Smoothie','Vitamin C', 108600.0 );
INSERT INTO Alimento_Nutriente VALUES ('Juice Smoothie','Vitamin B-6', 400.0 );
INSERT INTO Alimento_Nutriente VALUES ('Juice Smoothie','Vitamin B-12', 0.9 );
INSERT INTO Alimento_Nutriente VALUES ('Juice Smoothie','Vitamin A', 87.0 );
INSERT INTO Alimento_Nutriente VALUES ('Juice Smoothie','Vitamin E', 5030.0 );
INSERT INTO Alimento VALUES ('Jujube');
INSERT INTO Alimento_Nutriente VALUES ('Jujube','Calcium', 79000.0 );
INSERT INTO Alimento_Nutriente VALUES ('Jujube','Iron', 1800.0 );
INSERT INTO Alimento_Nutriente VALUES ('Jujube','Magnesium', 37000.0 );
INSERT INTO Alimento_Nutriente VALUES ('Jujube','Phosphorus', 100000.0 );
INSERT INTO Alimento_Nutriente VALUES ('Jujube','Potassium', 531000.0 );
INSERT INTO Alimento_Nutriente VALUES ('Jujube','Zinc', 190.0 );
INSERT INTO Alimento_Nutriente VALUES ('Jujube','Vitamin C', 13000.0 );
INSERT INTO Alimento_Nutriente VALUES ('Jujube','Thiamin', 210.0 );
INSERT INTO Alimento_Nutriente VALUES ('Jujube','Riboflavin', 360.0 );
INSERT INTO Alimento_Nutriente VALUES ('Jujube','Niacin', 500.0 );
INSERT INTO Alimento_Nutriente VALUES ('Jujube','Vitamin B-12', 0.0 );
INSERT INTO Alimento VALUES ('Kiwifruit');
INSERT INTO Alimento_Nutriente VALUES ('Kiwifruit','Calcium', 20000.0 );
INSERT INTO Alimento_Nutriente VALUES ('Kiwifruit','Iron', 290.0 );
INSERT INTO Alimento_Nutriente VALUES ('Kiwifruit','Magnesium', 14000.0 );
INSERT INTO Alimento_Nutriente VALUES ('Kiwifruit','Phosphorus', 29000.0 );
INSERT INTO Alimento_Nutriente VALUES ('Kiwifruit','Potassium', 316000.0 );
INSERT INTO Alimento_Nutriente VALUES ('Kiwifruit','Zinc', 100.0 );
INSERT INTO Alimento_Nutriente VALUES ('Kiwifruit','Vitamin C', 105400.0 );
INSERT INTO Alimento_Nutriente VALUES ('Kiwifruit','Thiamin', 24.0 );
INSERT INTO Alimento_Nutriente VALUES ('Kiwifruit','Riboflavin', 46.0 );
INSERT INTO Alimento_Nutriente VALUES ('Kiwifruit','Niacin', 280.0 );
INSERT INTO Alimento_Nutriente VALUES ('Kiwifruit','Vitamin B-6', 57.0 );
INSERT INTO Alimento_Nutriente VALUES ('Kiwifruit','Vitamin A', 4.0 );
INSERT INTO Alimento_Nutriente VALUES ('Kiwifruit','Vitamin E', 1490.0 );
INSERT INTO Alimento_Nutriente VALUES ('Kiwifruit','Vitamin D', 0.0 );
INSERT INTO Alimento_Nutriente VALUES ('Kiwifruit','Vitamin K', 5.5 );
INSERT INTO Alimento VALUES ('Kumquats');
INSERT INTO Alimento_Nutriente VALUES ('Kumquats','Calcium', 62000.0 );
INSERT INTO Alimento_Nutriente VALUES ('Kumquats','Iron', 860.0 );
INSERT INTO Alimento_Nutriente VALUES ('Kumquats','Magnesium', 20000.0 );
INSERT INTO Alimento_Nutriente VALUES ('Kumquats','Phosphorus', 19000.0 );
INSERT INTO Alimento_Nutriente VALUES ('Kumquats','Potassium', 186000.0 );
INSERT INTO Alimento_Nutriente VALUES ('Kumquats','Zinc', 170.0 );
INSERT INTO Alimento_Nutriente VALUES ('Kumquats','Vitamin C', 43900.0 );
INSERT INTO Alimento_Nutriente VALUES ('Kumquats','Thiamin', 37.0 );
INSERT INTO Alimento_Nutriente VALUES ('Kumquats','Riboflavin', 90.0 );
INSERT INTO Alimento_Nutriente VALUES ('Kumquats','Niacin', 429.0 );
INSERT INTO Alimento_Nutriente VALUES ('Kumquats','Vitamin B-6', 36.0 );
INSERT INTO Alimento_Nutriente VALUES ('Kumquats','Folate', 17.0 );
INSERT INTO Alimento_Nutriente VALUES ('Kumquats','Vitamin B-12', 0.0 );
INSERT INTO Alimento_Nutriente VALUES ('Kumquats','Vitamin A', 15.0 );
INSERT INTO Alimento_Nutriente VALUES ('Kumquats','Vitamin E', 150.0 );
INSERT INTO Alimento_Nutriente VALUES ('Kumquats','Vitamin D', 0.0 );
INSERT INTO Alimento_Nutriente VALUES ('Kumquats','Vitamin K', 0.0 );
INSERT INTO Alimento VALUES ('Lemon juice');
INSERT INTO Alimento_Nutriente VALUES ('Lemon juice','Calcium', 11000.0 );
INSERT INTO Alimento_Nutriente VALUES ('Lemon juice','Iron', 130.0 );
INSERT INTO Alimento_Nutriente VALUES ('Lemon juice','Magnesium', 8000.0 );
INSERT INTO Alimento_Nutriente VALUES ('Lemon juice','Phosphorus', 9000.0 );
INSERT INTO Alimento_Nutriente VALUES ('Lemon juice','Potassium', 102000.0 );
INSERT INTO Alimento_Nutriente VALUES ('Lemon juice','Zinc', 60.0 );
INSERT INTO Alimento_Nutriente VALUES ('Lemon juice','Vitamin C', 24800.0 );
INSERT INTO Alimento_Nutriente VALUES ('Lemon juice','Thiamin', 41.0 );
INSERT INTO Alimento_Nutriente VALUES ('Lemon juice','Riboflavin', 9.0 );
INSERT INTO Alimento_Nutriente VALUES ('Lemon juice','Niacin', 197.0 );
INSERT INTO Alimento_Nutriente VALUES ('Lemon juice','Vitamin B-6', 43.0 );
INSERT INTO Alimento_Nutriente VALUES ('Lemon juice','Folate', 10.0 );
INSERT INTO Alimento_Nutriente VALUES ('Lemon juice','Vitamin B-12', 0.0 );
INSERT INTO Alimento_Nutriente VALUES ('Lemon juice','Vitamin A', 1.0 );
INSERT INTO Alimento_Nutriente VALUES ('Lemon juice','Vitamin E', 150.0 );
INSERT INTO Alimento_Nutriente VALUES ('Lemon juice','Vitamin D', 0.0 );
INSERT INTO Alimento_Nutriente VALUES ('Lemon juice','Vitamin K', 0.0 );
INSERT INTO Alimento VALUES ('Lemon peel');
INSERT INTO Alimento_Nutriente VALUES ('Lemon peel','Calcium', 134000.0 );
INSERT INTO Alimento_Nutriente VALUES ('Lemon peel','Iron', 800.0 );
INSERT INTO Alimento_Nutriente VALUES ('Lemon peel','Magnesium', 15000.0 );
INSERT INTO Alimento_Nutriente VALUES ('Lemon peel','Phosphorus', 12000.0 );
INSERT INTO Alimento_Nutriente VALUES ('Lemon peel','Potassium', 160000.0 );
INSERT INTO Alimento_Nutriente VALUES ('Lemon peel','Zinc', 250.0 );
INSERT INTO Alimento_Nutriente VALUES ('Lemon peel','Vitamin C', 129000.0 );
INSERT INTO Alimento_Nutriente VALUES ('Lemon peel','Thiamin', 60.0 );
INSERT INTO Alimento_Nutriente VALUES ('Lemon peel','Riboflavin', 80.0 );
INSERT INTO Alimento_Nutriente VALUES ('Lemon peel','Niacin', 400.0 );
INSERT INTO Alimento_Nutriente VALUES ('Lemon peel','Vitamin B-6', 172.0 );
INSERT INTO Alimento_Nutriente VALUES ('Lemon peel','Folate', 13.0 );
INSERT INTO Alimento_Nutriente VALUES ('Lemon peel','Vitamin B-12', 0.0 );
INSERT INTO Alimento_Nutriente VALUES ('Lemon peel','Vitamin A', 3.0 );
INSERT INTO Alimento_Nutriente VALUES ('Lemon peel','Vitamin E', 250.0 );
INSERT INTO Alimento_Nutriente VALUES ('Lemon peel','Vitamin D', 0.0 );
INSERT INTO Alimento_Nutriente VALUES ('Lemon peel','Vitamin K', 0.0 );
INSERT INTO Alimento VALUES ('Lemons');
INSERT INTO Alimento_Nutriente VALUES ('Lemons','Calcium', 26000.0 );
INSERT INTO Alimento_Nutriente VALUES ('Lemons','Iron', 600.0 );
INSERT INTO Alimento_Nutriente VALUES ('Lemons','Magnesium', 8000.0 );
INSERT INTO Alimento_Nutriente VALUES ('Lemons','Phosphorus', 16000.0 );
INSERT INTO Alimento_Nutriente VALUES ('Lemons','Potassium', 138000.0 );
INSERT INTO Alimento_Nutriente VALUES ('Lemons','Zinc', 60.0 );
INSERT INTO Alimento_Nutriente VALUES ('Lemons','Vitamin C', 53000.0 );
INSERT INTO Alimento_Nutriente VALUES ('Lemons','Thiamin', 40.0 );
INSERT INTO Alimento_Nutriente VALUES ('Lemons','Riboflavin', 20.0 );
INSERT INTO Alimento_Nutriente VALUES ('Lemons','Niacin', 100.0 );
INSERT INTO Alimento_Nutriente VALUES ('Lemons','Vitamin B-6', 80.0 );
INSERT INTO Alimento_Nutriente VALUES ('Lemons','Folate', 11.0 );
INSERT INTO Alimento_Nutriente VALUES ('Lemons','Vitamin B-12', 0.0 );
INSERT INTO Alimento_Nutriente VALUES ('Lemons','Vitamin A', 1.0 );
INSERT INTO Alimento_Nutriente VALUES ('Lemons','Vitamin E', 150.0 );
INSERT INTO Alimento_Nutriente VALUES ('Lemons','Vitamin D', 0.0 );
INSERT INTO Alimento_Nutriente VALUES ('Lemons','Vitamin K', 0.0 );
INSERT INTO Alimento VALUES ('Lime juice');
INSERT INTO Alimento_Nutriente VALUES ('Lime juice','Calcium', 12000.0 );
INSERT INTO Alimento_Nutriente VALUES ('Lime juice','Iron', 230.0 );
INSERT INTO Alimento_Nutriente VALUES ('Lime juice','Magnesium', 7000.0 );
INSERT INTO Alimento_Nutriente VALUES ('Lime juice','Phosphorus', 10000.0 );
INSERT INTO Alimento_Nutriente VALUES ('Lime juice','Potassium', 75000.0 );
INSERT INTO Alimento_Nutriente VALUES ('Lime juice','Zinc', 60.0 );
INSERT INTO Alimento_Nutriente VALUES ('Lime juice','Vitamin C', 6400.0 );
INSERT INTO Alimento_Nutriente VALUES ('Lime juice','Thiamin', 33.0 );
INSERT INTO Alimento_Nutriente VALUES ('Lime juice','Riboflavin', 3.0 );
INSERT INTO Alimento_Nutriente VALUES ('Lime juice','Niacin', 163.0 );
INSERT INTO Alimento_Nutriente VALUES ('Lime juice','Vitamin B-6', 27.0 );
INSERT INTO Alimento_Nutriente VALUES ('Lime juice','Folate', 8.0 );
INSERT INTO Alimento_Nutriente VALUES ('Lime juice','Vitamin B-12', 0.0 );
INSERT INTO Alimento_Nutriente VALUES ('Lime juice','Vitamin A', 1.0 );
INSERT INTO Alimento_Nutriente VALUES ('Lime juice','Vitamin E', 120.0 );
INSERT INTO Alimento_Nutriente VALUES ('Lime juice','Vitamin D', 0.0 );
INSERT INTO Alimento_Nutriente VALUES ('Lime juice','Vitamin K', 0.5 );
INSERT INTO Alimento VALUES ('Limes');
INSERT INTO Alimento_Nutriente VALUES ('Limes','Calcium', 33000.0 );
INSERT INTO Alimento_Nutriente VALUES ('Limes','Iron', 600.0 );
INSERT INTO Alimento_Nutriente VALUES ('Limes','Magnesium', 6000.0 );
INSERT INTO Alimento_Nutriente VALUES ('Limes','Phosphorus', 18000.0 );
INSERT INTO Alimento_Nutriente VALUES ('Limes','Potassium', 102000.0 );
INSERT INTO Alimento_Nutriente VALUES ('Limes','Zinc', 110.0 );
INSERT INTO Alimento_Nutriente VALUES ('Limes','Vitamin C', 29100.0 );
INSERT INTO Alimento_Nutriente VALUES ('Limes','Thiamin', 30.0 );
INSERT INTO Alimento_Nutriente VALUES ('Limes','Riboflavin', 20.0 );
INSERT INTO Alimento_Nutriente VALUES ('Limes','Niacin', 200.0 );
INSERT INTO Alimento_Nutriente VALUES ('Limes','Vitamin B-6', 43.0 );
INSERT INTO Alimento_Nutriente VALUES ('Limes','Folate', 8.0 );
INSERT INTO Alimento_Nutriente VALUES ('Limes','Vitamin B-12', 0.0 );
INSERT INTO Alimento_Nutriente VALUES ('Limes','Vitamin A', 2.0 );
INSERT INTO Alimento_Nutriente VALUES ('Limes','Vitamin E', 220.0 );
INSERT INTO Alimento_Nutriente VALUES ('Limes','Vitamin D', 0.0 );
INSERT INTO Alimento_Nutriente VALUES ('Limes','Vitamin K', 0.6 );
INSERT INTO Alimento VALUES ('Litchis');
INSERT INTO Alimento_Nutriente VALUES ('Litchis','Calcium', 33000.0 );
INSERT INTO Alimento_Nutriente VALUES ('Litchis','Iron', 1700.0 );
INSERT INTO Alimento_Nutriente VALUES ('Litchis','Magnesium', 42000.0 );
INSERT INTO Alimento_Nutriente VALUES ('Litchis','Phosphorus', 181000.0 );
INSERT INTO Alimento_Nutriente VALUES ('Litchis','Potassium', 1110000.0 );
INSERT INTO Alimento_Nutriente VALUES ('Litchis','Zinc', 280.0 );
INSERT INTO Alimento_Nutriente VALUES ('Litchis','Vitamin C', 183000.0 );
INSERT INTO Alimento_Nutriente VALUES ('Litchis','Thiamin', 10.0 );
INSERT INTO Alimento_Nutriente VALUES ('Litchis','Riboflavin', 570.0 );
INSERT INTO Alimento_Nutriente VALUES ('Litchis','Niacin', 3100.0 );
INSERT INTO Alimento_Nutriente VALUES ('Litchis','Vitamin B-6', 90.0 );
INSERT INTO Alimento_Nutriente VALUES ('Litchis','Folate', 12.0 );
INSERT INTO Alimento_Nutriente VALUES ('Litchis','Vitamin B-12', 0.0 );
INSERT INTO Alimento_Nutriente VALUES ('Litchis','Vitamin A', 0.0 );
INSERT INTO Alimento_Nutriente VALUES ('Litchis','Vitamin E', 310.0 );
INSERT INTO Alimento_Nutriente VALUES ('Litchis','Vitamin D', 0.0 );
INSERT INTO Alimento_Nutriente VALUES ('Litchis','Vitamin K', 1.6 );
INSERT INTO Alimento VALUES ('Loganberries');
INSERT INTO Alimento_Nutriente VALUES ('Loganberries','Calcium', 26000.0 );
INSERT INTO Alimento_Nutriente VALUES ('Loganberries','Iron', 640.0 );
INSERT INTO Alimento_Nutriente VALUES ('Loganberries','Magnesium', 21000.0 );
INSERT INTO Alimento_Nutriente VALUES ('Loganberries','Phosphorus', 26000.0 );
INSERT INTO Alimento_Nutriente VALUES ('Loganberries','Potassium', 145000.0 );
INSERT INTO Alimento_Nutriente VALUES ('Loganberries','Zinc', 340.0 );
INSERT INTO Alimento_Nutriente VALUES ('Loganberries','Vitamin C', 15300.0 );
INSERT INTO Alimento_Nutriente VALUES ('Loganberries','Thiamin', 50.0 );
INSERT INTO Alimento_Nutriente VALUES ('Loganberries','Riboflavin', 34.0 );
INSERT INTO Alimento_Nutriente VALUES ('Loganberries','Niacin', 840.0 );
INSERT INTO Alimento_Nutriente VALUES ('Loganberries','Vitamin B-6', 65.0 );
INSERT INTO Alimento_Nutriente VALUES ('Loganberries','Folate', 26.0 );
INSERT INTO Alimento_Nutriente VALUES ('Loganberries','Vitamin B-12', 0.0 );
INSERT INTO Alimento_Nutriente VALUES ('Loganberries','Vitamin A', 2.0 );
INSERT INTO Alimento_Nutriente VALUES ('Loganberries','Vitamin E', 870.0 );
INSERT INTO Alimento_Nutriente VALUES ('Loganberries','Vitamin D', 0.0 );
INSERT INTO Alimento_Nutriente VALUES ('Loganberries','Vitamin K', 7.8 );
INSERT INTO Alimento VALUES ('Longans');
INSERT INTO Alimento_Nutriente VALUES ('Longans','Calcium', 45000.0 );
INSERT INTO Alimento_Nutriente VALUES ('Longans','Iron', 5400.0 );
INSERT INTO Alimento_Nutriente VALUES ('Longans','Magnesium', 46000.0 );
INSERT INTO Alimento_Nutriente VALUES ('Longans','Phosphorus', 196000.0 );
INSERT INTO Alimento_Nutriente VALUES ('Longans','Potassium', 658000.0 );
INSERT INTO Alimento_Nutriente VALUES ('Longans','Zinc', 220.0 );
INSERT INTO Alimento_Nutriente VALUES ('Longans','Vitamin C', 28000.0 );
INSERT INTO Alimento_Nutriente VALUES ('Longans','Thiamin', 40.0 );
INSERT INTO Alimento_Nutriente VALUES ('Longans','Riboflavin', 500.0 );
INSERT INTO Alimento_Nutriente VALUES ('Longans','Niacin', 1000.0 );
INSERT INTO Alimento_Nutriente VALUES ('Longans','Vitamin B-12', 0.0 );
INSERT INTO Alimento_Nutriente VALUES ('Longans','Vitamin A', 0.0 );
INSERT INTO Alimento VALUES ('Loquats');
INSERT INTO Alimento_Nutriente VALUES ('Loquats','Calcium', 16000.0 );
INSERT INTO Alimento_Nutriente VALUES ('Loquats','Iron', 280.0 );
INSERT INTO Alimento_Nutriente VALUES ('Loquats','Magnesium', 13000.0 );
INSERT INTO Alimento_Nutriente VALUES ('Loquats','Phosphorus', 27000.0 );
INSERT INTO Alimento_Nutriente VALUES ('Loquats','Potassium', 266000.0 );
INSERT INTO Alimento_Nutriente VALUES ('Loquats','Zinc', 50.0 );
INSERT INTO Alimento_Nutriente VALUES ('Loquats','Vitamin C', 1000.0 );
INSERT INTO Alimento_Nutriente VALUES ('Loquats','Thiamin', 19.0 );
INSERT INTO Alimento_Nutriente VALUES ('Loquats','Riboflavin', 24.0 );
INSERT INTO Alimento_Nutriente VALUES ('Loquats','Niacin', 180.0 );
INSERT INTO Alimento_Nutriente VALUES ('Loquats','Vitamin B-6', 100.0 );
INSERT INTO Alimento_Nutriente VALUES ('Loquats','Folate', 14.0 );
INSERT INTO Alimento_Nutriente VALUES ('Loquats','Vitamin B-12', 0.0 );
INSERT INTO Alimento_Nutriente VALUES ('Loquats','Vitamin A', 76.0 );
INSERT INTO Alimento VALUES ('Mammy-apple');
INSERT INTO Alimento_Nutriente VALUES ('Mammy-apple','Calcium', 11000.0 );
INSERT INTO Alimento_Nutriente VALUES ('Mammy-apple','Iron', 700.0 );
INSERT INTO Alimento_Nutriente VALUES ('Mammy-apple','Magnesium', 16000.0 );
INSERT INTO Alimento_Nutriente VALUES ('Mammy-apple','Phosphorus', 11000.0 );
INSERT INTO Alimento_Nutriente VALUES ('Mammy-apple','Potassium', 47000.0 );
INSERT INTO Alimento_Nutriente VALUES ('Mammy-apple','Zinc', 100.0 );
INSERT INTO Alimento_Nutriente VALUES ('Mammy-apple','Vitamin C', 14000.0 );
INSERT INTO Alimento_Nutriente VALUES ('Mammy-apple','Thiamin', 20.0 );
INSERT INTO Alimento_Nutriente VALUES ('Mammy-apple','Riboflavin', 40.0 );
INSERT INTO Alimento_Nutriente VALUES ('Mammy-apple','Niacin', 400.0 );
INSERT INTO Alimento_Nutriente VALUES ('Mammy-apple','Vitamin B-6', 100.0 );
INSERT INTO Alimento_Nutriente VALUES ('Mammy-apple','Folate', 14.0 );
INSERT INTO Alimento_Nutriente VALUES ('Mammy-apple','Vitamin B-12', 0.0 );
INSERT INTO Alimento_Nutriente VALUES ('Mammy-apple','Vitamin A', 12.0 );
INSERT INTO Alimento VALUES ('Mango nectar');
INSERT INTO Alimento_Nutriente VALUES ('Mango nectar','Calcium', 17000.0 );
INSERT INTO Alimento_Nutriente VALUES ('Mango nectar','Iron', 360.0 );
INSERT INTO Alimento_Nutriente VALUES ('Mango nectar','Magnesium', 3000.0 );
INSERT INTO Alimento_Nutriente VALUES ('Mango nectar','Phosphorus', 2000.0 );
INSERT INTO Alimento_Nutriente VALUES ('Mango nectar','Potassium', 24000.0 );
INSERT INTO Alimento_Nutriente VALUES ('Mango nectar','Zinc', 20.0 );
INSERT INTO Alimento_Nutriente VALUES ('Mango nectar','Vitamin C', 15200.0 );
INSERT INTO Alimento_Nutriente VALUES ('Mango nectar','Thiamin', 3.0 );
INSERT INTO Alimento_Nutriente VALUES ('Mango nectar','Riboflavin', 3.0 );
INSERT INTO Alimento_Nutriente VALUES ('Mango nectar','Niacin', 80.0 );
INSERT INTO Alimento_Nutriente VALUES ('Mango nectar','Vitamin B-6', 15.0 );
INSERT INTO Alimento_Nutriente VALUES ('Mango nectar','Folate', 7.0 );
INSERT INTO Alimento_Nutriente VALUES ('Mango nectar','Vitamin B-12', 0.0 );
INSERT INTO Alimento_Nutriente VALUES ('Mango nectar','Vitamin A', 35.0 );
INSERT INTO Alimento_Nutriente VALUES ('Mango nectar','Vitamin E', 210.0 );
INSERT INTO Alimento_Nutriente VALUES ('Mango nectar','Vitamin D', 0.0 );
INSERT INTO Alimento_Nutriente VALUES ('Mango nectar','Vitamin K', 0.8 );
INSERT INTO Alimento VALUES ('Mangos');
INSERT INTO Alimento_Nutriente VALUES ('Mangos','Calcium', 11000.0 );
INSERT INTO Alimento_Nutriente VALUES ('Mangos','Iron', 160.0 );
INSERT INTO Alimento_Nutriente VALUES ('Mangos','Magnesium', 10000.0 );
INSERT INTO Alimento_Nutriente VALUES ('Mangos','Phosphorus', 14000.0 );
INSERT INTO Alimento_Nutriente VALUES ('Mangos','Potassium', 168000.0 );
INSERT INTO Alimento_Nutriente VALUES ('Mangos','Zinc', 90.0 );
INSERT INTO Alimento_Nutriente VALUES ('Mangos','Vitamin C', 36400.0 );
INSERT INTO Alimento_Nutriente VALUES ('Mangos','Thiamin', 28.0 );
INSERT INTO Alimento_Nutriente VALUES ('Mangos','Riboflavin', 38.0 );
INSERT INTO Alimento_Nutriente VALUES ('Mangos','Niacin', 669.0 );
INSERT INTO Alimento_Nutriente VALUES ('Mangos','Vitamin B-6', 119.0 );
INSERT INTO Alimento_Nutriente VALUES ('Mangos','Folate', 43.0 );
INSERT INTO Alimento_Nutriente VALUES ('Mangos','Vitamin B-12', 0.0 );
INSERT INTO Alimento_Nutriente VALUES ('Mangos','Vitamin A', 54.0 );
INSERT INTO Alimento_Nutriente VALUES ('Mangos','Vitamin E', 900.0 );
INSERT INTO Alimento_Nutriente VALUES ('Mangos','Vitamin D', 0.0 );
INSERT INTO Alimento_Nutriente VALUES ('Mangos','Vitamin K', 4.2 );
INSERT INTO Alimento VALUES ('Mangosteen');
INSERT INTO Alimento_Nutriente VALUES ('Mangosteen','Calcium', 12000.0 );
INSERT INTO Alimento_Nutriente VALUES ('Mangosteen','Iron', 300.0 );
INSERT INTO Alimento_Nutriente VALUES ('Mangosteen','Magnesium', 13000.0 );
INSERT INTO Alimento_Nutriente VALUES ('Mangosteen','Phosphorus', 8000.0 );
INSERT INTO Alimento_Nutriente VALUES ('Mangosteen','Potassium', 48000.0 );
INSERT INTO Alimento_Nutriente VALUES ('Mangosteen','Zinc', 210.0 );
INSERT INTO Alimento_Nutriente VALUES ('Mangosteen','Vitamin C', 2900.0 );
INSERT INTO Alimento_Nutriente VALUES ('Mangosteen','Thiamin', 54.0 );
INSERT INTO Alimento_Nutriente VALUES ('Mangosteen','Riboflavin', 54.0 );
INSERT INTO Alimento_Nutriente VALUES ('Mangosteen','Niacin', 286.0 );
INSERT INTO Alimento_Nutriente VALUES ('Mangosteen','Vitamin B-6', 18.0 );
INSERT INTO Alimento_Nutriente VALUES ('Mangosteen','Folate', 31.0 );
INSERT INTO Alimento_Nutriente VALUES ('Mangosteen','Vitamin B-12', 0.0 );
INSERT INTO Alimento_Nutriente VALUES ('Mangosteen','Vitamin A', 2.0 );
INSERT INTO Alimento_Nutriente VALUES ('Mangosteen','Vitamin D', 0.0 );
INSERT INTO Alimento VALUES ('Maraschino cherries');
INSERT INTO Alimento_Nutriente VALUES ('Maraschino cherries','Calcium', 54000.0 );
INSERT INTO Alimento_Nutriente VALUES ('Maraschino cherries','Iron', 430.0 );
INSERT INTO Alimento_Nutriente VALUES ('Maraschino cherries','Magnesium', 4000.0 );
INSERT INTO Alimento_Nutriente VALUES ('Maraschino cherries','Phosphorus', 3000.0 );
INSERT INTO Alimento_Nutriente VALUES ('Maraschino cherries','Potassium', 21000.0 );
INSERT INTO Alimento_Nutriente VALUES ('Maraschino cherries','Zinc', 260.0 );
INSERT INTO Alimento_Nutriente VALUES ('Maraschino cherries','Vitamin C', 0.0 );
INSERT INTO Alimento_Nutriente VALUES ('Maraschino cherries','Thiamin', 0.0 );
INSERT INTO Alimento_Nutriente VALUES ('Maraschino cherries','Riboflavin', 0.0 );
INSERT INTO Alimento_Nutriente VALUES ('Maraschino cherries','Niacin', 4.0 );
INSERT INTO Alimento_Nutriente VALUES ('Maraschino cherries','Vitamin B-6', 5.0 );
INSERT INTO Alimento_Nutriente VALUES ('Maraschino cherries','Folate', 0.0 );
INSERT INTO Alimento_Nutriente VALUES ('Maraschino cherries','Vitamin B-12', 0.0 );
INSERT INTO Alimento_Nutriente VALUES ('Maraschino cherries','Vitamin A', 2.0 );
INSERT INTO Alimento_Nutriente VALUES ('Maraschino cherries','Vitamin E', 50.0 );
INSERT INTO Alimento_Nutriente VALUES ('Maraschino cherries','Vitamin D', 0.0 );
INSERT INTO Alimento_Nutriente VALUES ('Maraschino cherries','Vitamin K', 1.5 );
INSERT INTO Alimento VALUES ('Melon balls');
INSERT INTO Alimento_Nutriente VALUES ('Melon balls','Calcium', 10000.0 );
INSERT INTO Alimento_Nutriente VALUES ('Melon balls','Iron', 290.0 );
INSERT INTO Alimento_Nutriente VALUES ('Melon balls','Magnesium', 14000.0 );
INSERT INTO Alimento_Nutriente VALUES ('Melon balls','Phosphorus', 12000.0 );
INSERT INTO Alimento_Nutriente VALUES ('Melon balls','Potassium', 280000.0 );
INSERT INTO Alimento_Nutriente VALUES ('Melon balls','Zinc', 170.0 );
INSERT INTO Alimento_Nutriente VALUES ('Melon balls','Vitamin C', 6200.0 );
INSERT INTO Alimento_Nutriente VALUES ('Melon balls','Thiamin', 166.0 );
INSERT INTO Alimento_Nutriente VALUES ('Melon balls','Riboflavin', 22.0 );
INSERT INTO Alimento_Nutriente VALUES ('Melon balls','Niacin', 640.0 );
INSERT INTO Alimento_Nutriente VALUES ('Melon balls','Vitamin B-6', 106.0 );
INSERT INTO Alimento_Nutriente VALUES ('Melon balls','Folate', 26.0 );
INSERT INTO Alimento_Nutriente VALUES ('Melon balls','Vitamin B-12', 0.0 );
INSERT INTO Alimento_Nutriente VALUES ('Melon balls','Vitamin A', 89.0 );
INSERT INTO Alimento_Nutriente VALUES ('Melon balls','Vitamin D', 0.0 );
INSERT INTO Alimento VALUES ('Melons');
INSERT INTO Alimento_Nutriente VALUES ('Melons','Calcium', 9000.0 );
INSERT INTO Alimento_Nutriente VALUES ('Melons','Iron', 210.0 );
INSERT INTO Alimento_Nutriente VALUES ('Melons','Magnesium', 12000.0 );
INSERT INTO Alimento_Nutriente VALUES ('Melons','Phosphorus', 15000.0 );
INSERT INTO Alimento_Nutriente VALUES ('Melons','Potassium', 267000.0 );
INSERT INTO Alimento_Nutriente VALUES ('Melons','Zinc', 180.0 );
INSERT INTO Alimento_Nutriente VALUES ('Melons','Vitamin C', 36700.0 );
INSERT INTO Alimento_Nutriente VALUES ('Melons','Thiamin', 41.0 );
INSERT INTO Alimento_Nutriente VALUES ('Melons','Riboflavin', 19.0 );
INSERT INTO Alimento_Nutriente VALUES ('Melons','Niacin', 734.0 );
INSERT INTO Alimento_Nutriente VALUES ('Melons','Vitamin B-6', 72.0 );
INSERT INTO Alimento_Nutriente VALUES ('Melons','Folate', 21.0 );
INSERT INTO Alimento_Nutriente VALUES ('Melons','Vitamin B-12', 0.0 );
INSERT INTO Alimento_Nutriente VALUES ('Melons','Vitamin A', 169.0 );
INSERT INTO Alimento_Nutriente VALUES ('Melons','Vitamin E', 50.0 );
INSERT INTO Alimento_Nutriente VALUES ('Melons','Vitamin D', 0.0 );
INSERT INTO Alimento_Nutriente VALUES ('Melons','Vitamin K', 2.5 );
INSERT INTO Alimento VALUES ('Mulberries');
INSERT INTO Alimento_Nutriente VALUES ('Mulberries','Calcium', 39000.0 );
INSERT INTO Alimento_Nutriente VALUES ('Mulberries','Iron', 1850.0 );
INSERT INTO Alimento_Nutriente VALUES ('Mulberries','Magnesium', 18000.0 );
INSERT INTO Alimento_Nutriente VALUES ('Mulberries','Phosphorus', 38000.0 );
INSERT INTO Alimento_Nutriente VALUES ('Mulberries','Potassium', 194000.0 );
INSERT INTO Alimento_Nutriente VALUES ('Mulberries','Zinc', 120.0 );
INSERT INTO Alimento_Nutriente VALUES ('Mulberries','Vitamin C', 36400.0 );
INSERT INTO Alimento_Nutriente VALUES ('Mulberries','Thiamin', 29.0 );
INSERT INTO Alimento_Nutriente VALUES ('Mulberries','Riboflavin', 101.0 );
INSERT INTO Alimento_Nutriente VALUES ('Mulberries','Niacin', 620.0 );
INSERT INTO Alimento_Nutriente VALUES ('Mulberries','Vitamin B-6', 50.0 );
INSERT INTO Alimento_Nutriente VALUES ('Mulberries','Folate', 6.0 );
INSERT INTO Alimento_Nutriente VALUES ('Mulberries','Vitamin B-12', 0.0 );
INSERT INTO Alimento_Nutriente VALUES ('Mulberries','Vitamin A', 1.0 );
INSERT INTO Alimento_Nutriente VALUES ('Mulberries','Vitamin E', 870.0 );
INSERT INTO Alimento_Nutriente VALUES ('Mulberries','Vitamin D', 0.0 );
INSERT INTO Alimento_Nutriente VALUES ('Mulberries','Vitamin K', 7.8 );
INSERT INTO Alimento VALUES ('Nance');
INSERT INTO Alimento_Nutriente VALUES ('Nance','Calcium', 42000.0 );
INSERT INTO Alimento_Nutriente VALUES ('Nance','Iron', 370.0 );
INSERT INTO Alimento_Nutriente VALUES ('Nance','Magnesium', 16000.0 );
INSERT INTO Alimento_Nutriente VALUES ('Nance','Phosphorus', 7000.0 );
INSERT INTO Alimento_Nutriente VALUES ('Nance','Potassium', 194000.0 );
INSERT INTO Alimento_Nutriente VALUES ('Nance','Zinc', 60.0 );
INSERT INTO Alimento_Nutriente VALUES ('Nance','Vitamin C', 10800.0 );
INSERT INTO Alimento_Nutriente VALUES ('Nance','Thiamin', 15.0 );
INSERT INTO Alimento_Nutriente VALUES ('Nance','Riboflavin', 20.0 );
INSERT INTO Alimento_Nutriente VALUES ('Nance','Niacin', 300.0 );
INSERT INTO Alimento_Nutriente VALUES ('Nance','Vitamin B-6', 15.0 );
INSERT INTO Alimento VALUES ('Naranjilla (lulo) pulp');
INSERT INTO Alimento_Nutriente VALUES ('Naranjilla (lulo) pulp','Calcium', 8000.0 );
INSERT INTO Alimento_Nutriente VALUES ('Naranjilla (lulo) pulp','Iron', 350.0 );
INSERT INTO Alimento_Nutriente VALUES ('Naranjilla (lulo) pulp','Magnesium', 11000.0 );
INSERT INTO Alimento_Nutriente VALUES ('Naranjilla (lulo) pulp','Phosphorus', 12000.0 );
INSERT INTO Alimento_Nutriente VALUES ('Naranjilla (lulo) pulp','Potassium', 200000.0 );
INSERT INTO Alimento_Nutriente VALUES ('Naranjilla (lulo) pulp','Zinc', 100.0 );
INSERT INTO Alimento_Nutriente VALUES ('Naranjilla (lulo) pulp','Vitamin C', 3200.0 );
INSERT INTO Alimento_Nutriente VALUES ('Naranjilla (lulo) pulp','Thiamin', 45.0 );
INSERT INTO Alimento_Nutriente VALUES ('Naranjilla (lulo) pulp','Riboflavin', 0.0 );
INSERT INTO Alimento_Nutriente VALUES ('Naranjilla (lulo) pulp','Niacin', 1450.0 );
INSERT INTO Alimento_Nutriente VALUES ('Naranjilla (lulo) pulp','Vitamin B-6', 107.0 );
INSERT INTO Alimento_Nutriente VALUES ('Naranjilla (lulo) pulp','Folate', 3.0 );
INSERT INTO Alimento_Nutriente VALUES ('Naranjilla (lulo) pulp','Vitamin A', 28.0 );
INSERT INTO Alimento_Nutriente VALUES ('Naranjilla (lulo) pulp','Vitamin E', 750.0 );
INSERT INTO Alimento_Nutriente VALUES ('Naranjilla (lulo) pulp','Vitamin K', 14.6 );
INSERT INTO Alimento VALUES ('Nectarines');
INSERT INTO Alimento_Nutriente VALUES ('Nectarines','Calcium', 6000.0 );
INSERT INTO Alimento_Nutriente VALUES ('Nectarines','Iron', 280.0 );
INSERT INTO Alimento_Nutriente VALUES ('Nectarines','Magnesium', 9000.0 );
INSERT INTO Alimento_Nutriente VALUES ('Nectarines','Phosphorus', 26000.0 );
INSERT INTO Alimento_Nutriente VALUES ('Nectarines','Potassium', 201000.0 );
INSERT INTO Alimento_Nutriente VALUES ('Nectarines','Zinc', 170.0 );
INSERT INTO Alimento_Nutriente VALUES ('Nectarines','Vitamin C', 5400.0 );
INSERT INTO Alimento_Nutriente VALUES ('Nectarines','Thiamin', 34.0 );
INSERT INTO Alimento_Nutriente VALUES ('Nectarines','Riboflavin', 27.0 );
INSERT INTO Alimento_Nutriente VALUES ('Nectarines','Niacin', 1125.0 );
INSERT INTO Alimento_Nutriente VALUES ('Nectarines','Vitamin B-6', 25.0 );
INSERT INTO Alimento_Nutriente VALUES ('Nectarines','Folate', 5.0 );
INSERT INTO Alimento_Nutriente VALUES ('Nectarines','Vitamin B-12', 0.0 );
INSERT INTO Alimento_Nutriente VALUES ('Nectarines','Vitamin A', 17.0 );
INSERT INTO Alimento_Nutriente VALUES ('Nectarines','Vitamin E', 770.0 );
INSERT INTO Alimento_Nutriente VALUES ('Nectarines','Vitamin D', 0.0 );
INSERT INTO Alimento_Nutriente VALUES ('Nectarines','Vitamin K', 2.2 );
INSERT INTO Alimento VALUES ('Oheloberries');
INSERT INTO Alimento_Nutriente VALUES ('Oheloberries','Calcium', 7000.0 );
INSERT INTO Alimento_Nutriente VALUES ('Oheloberries','Iron', 90.0 );
INSERT INTO Alimento_Nutriente VALUES ('Oheloberries','Magnesium', 6000.0 );
INSERT INTO Alimento_Nutriente VALUES ('Oheloberries','Phosphorus', 10000.0 );
INSERT INTO Alimento_Nutriente VALUES ('Oheloberries','Potassium', 38000.0 );
INSERT INTO Alimento_Nutriente VALUES ('Oheloberries','Vitamin C', 6000.0 );
INSERT INTO Alimento_Nutriente VALUES ('Oheloberries','Thiamin', 17.0 );
INSERT INTO Alimento_Nutriente VALUES ('Oheloberries','Riboflavin', 36.0 );
INSERT INTO Alimento_Nutriente VALUES ('Oheloberries','Niacin', 270.0 );
INSERT INTO Alimento_Nutriente VALUES ('Oheloberries','Vitamin B-12', 0.0 );
INSERT INTO Alimento_Nutriente VALUES ('Oheloberries','Vitamin A', 42.0 );
INSERT INTO Alimento VALUES ('Olives');
INSERT INTO Alimento_Nutriente VALUES ('Olives','Calcium', 52000.0 );
INSERT INTO Alimento_Nutriente VALUES ('Olives','Iron', 490.0 );
INSERT INTO Alimento_Nutriente VALUES ('Olives','Magnesium', 11000.0 );
INSERT INTO Alimento_Nutriente VALUES ('Olives','Phosphorus', 4000.0 );
INSERT INTO Alimento_Nutriente VALUES ('Olives','Potassium', 42000.0 );
INSERT INTO Alimento_Nutriente VALUES ('Olives','Zinc', 40.0 );
INSERT INTO Alimento_Nutriente VALUES ('Olives','Vitamin C', 0.0 );
INSERT INTO Alimento_Nutriente VALUES ('Olives','Thiamin', 21.0 );
INSERT INTO Alimento_Nutriente VALUES ('Olives','Riboflavin', 7.0 );
INSERT INTO Alimento_Nutriente VALUES ('Olives','Niacin', 237.0 );
INSERT INTO Alimento_Nutriente VALUES ('Olives','Vitamin B-6', 31.0 );
INSERT INTO Alimento_Nutriente VALUES ('Olives','Folate', 3.0 );
INSERT INTO Alimento_Nutriente VALUES ('Olives','Vitamin B-12', 0.0 );
INSERT INTO Alimento_Nutriente VALUES ('Olives','Vitamin A', 20.0 );
INSERT INTO Alimento_Nutriente VALUES ('Olives','Vitamin E', 3810.0 );
INSERT INTO Alimento_Nutriente VALUES ('Olives','Vitamin D', 0.0 );
INSERT INTO Alimento_Nutriente VALUES ('Olives','Vitamin K', 1.4 );
INSERT INTO Alimento VALUES ('Orange-grapefruit juice');
INSERT INTO Alimento_Nutriente VALUES ('Orange-grapefruit juice','Calcium', 8000.0 );
INSERT INTO Alimento_Nutriente VALUES ('Orange-grapefruit juice','Iron', 460.0 );
INSERT INTO Alimento_Nutriente VALUES ('Orange-grapefruit juice','Magnesium', 10000.0 );
INSERT INTO Alimento_Nutriente VALUES ('Orange-grapefruit juice','Phosphorus', 14000.0 );
INSERT INTO Alimento_Nutriente VALUES ('Orange-grapefruit juice','Potassium', 158000.0 );
INSERT INTO Alimento_Nutriente VALUES ('Orange-grapefruit juice','Zinc', 70.0 );
INSERT INTO Alimento_Nutriente VALUES ('Orange-grapefruit juice','Vitamin C', 29100.0 );
INSERT INTO Alimento_Nutriente VALUES ('Orange-grapefruit juice','Thiamin', 56.0 );
INSERT INTO Alimento_Nutriente VALUES ('Orange-grapefruit juice','Riboflavin', 30.0 );
INSERT INTO Alimento_Nutriente VALUES ('Orange-grapefruit juice','Niacin', 336.0 );
INSERT INTO Alimento_Nutriente VALUES ('Orange-grapefruit juice','Vitamin B-6', 23.0 );
INSERT INTO Alimento_Nutriente VALUES ('Orange-grapefruit juice','Folate', 14.0 );
INSERT INTO Alimento_Nutriente VALUES ('Orange-grapefruit juice','Vitamin B-12', 0.0 );
INSERT INTO Alimento_Nutriente VALUES ('Orange-grapefruit juice','Vitamin A', 6.0 );
INSERT INTO Alimento_Nutriente VALUES ('Orange-grapefruit juice','Vitamin E', 140.0 );
INSERT INTO Alimento_Nutriente VALUES ('Orange-grapefruit juice','Vitamin D', 0.0 );
INSERT INTO Alimento_Nutriente VALUES ('Orange-grapefruit juice','Vitamin K', 0.1 );
INSERT INTO Alimento VALUES ('Orange juice');
INSERT INTO Alimento_Nutriente VALUES ('Orange juice','Calcium', 10000.0 );
INSERT INTO Alimento_Nutriente VALUES ('Orange juice','Iron', 100.0 );
INSERT INTO Alimento_Nutriente VALUES ('Orange juice','Magnesium', 10000.0 );
INSERT INTO Alimento_Nutriente VALUES ('Orange juice','Phosphorus', 17000.0 );
INSERT INTO Alimento_Nutriente VALUES ('Orange juice','Potassium', 184000.0 );
INSERT INTO Alimento_Nutriente VALUES ('Orange juice','Zinc', 40.0 );
INSERT INTO Alimento_Nutriente VALUES ('Orange juice','Vitamin C', 30100.0 );
INSERT INTO Alimento_Nutriente VALUES ('Orange juice','Thiamin', 39.0 );
INSERT INTO Alimento_Nutriente VALUES ('Orange juice','Riboflavin', 21.0 );
INSERT INTO Alimento_Nutriente VALUES ('Orange juice','Niacin', 201.0 );
INSERT INTO Alimento_Nutriente VALUES ('Orange juice','Vitamin B-6', 31.0 );
INSERT INTO Alimento_Nutriente VALUES ('Orange juice','Folate', 24.0 );
INSERT INTO Alimento_Nutriente VALUES ('Orange juice','Vitamin B-12', 0.0 );
INSERT INTO Alimento_Nutriente VALUES ('Orange juice','Vitamin A', 9.0 );
INSERT INTO Alimento_Nutriente VALUES ('Orange juice','Vitamin E', 200.0 );
INSERT INTO Alimento_Nutriente VALUES ('Orange juice','Vitamin D', 0.0 );
INSERT INTO Alimento_Nutriente VALUES ('Orange juice','Vitamin K', 0.1 );
INSERT INTO Alimento VALUES ('Orange peel');
INSERT INTO Alimento_Nutriente VALUES ('Orange peel','Calcium', 161000.0 );
INSERT INTO Alimento_Nutriente VALUES ('Orange peel','Iron', 800.0 );
INSERT INTO Alimento_Nutriente VALUES ('Orange peel','Magnesium', 22000.0 );
INSERT INTO Alimento_Nutriente VALUES ('Orange peel','Phosphorus', 21000.0 );
INSERT INTO Alimento_Nutriente VALUES ('Orange peel','Potassium', 212000.0 );
INSERT INTO Alimento_Nutriente VALUES ('Orange peel','Zinc', 250.0 );
INSERT INTO Alimento_Nutriente VALUES ('Orange peel','Vitamin C', 136000.0 );
INSERT INTO Alimento_Nutriente VALUES ('Orange peel','Thiamin', 120.0 );
INSERT INTO Alimento_Nutriente VALUES ('Orange peel','Riboflavin', 90.0 );
INSERT INTO Alimento_Nutriente VALUES ('Orange peel','Niacin', 900.0 );
INSERT INTO Alimento_Nutriente VALUES ('Orange peel','Vitamin B-6', 176.0 );
INSERT INTO Alimento_Nutriente VALUES ('Orange peel','Folate', 30.0 );
INSERT INTO Alimento_Nutriente VALUES ('Orange peel','Vitamin B-12', 0.0 );
INSERT INTO Alimento_Nutriente VALUES ('Orange peel','Vitamin A', 21.0 );
INSERT INTO Alimento_Nutriente VALUES ('Orange peel','Vitamin E', 250.0 );
INSERT INTO Alimento VALUES ('Orange Pineapple Juice Blend');
INSERT INTO Alimento_Nutriente VALUES ('Orange Pineapple Juice Blend','Calcium', 8000.0 );
INSERT INTO Alimento_Nutriente VALUES ('Orange Pineapple Juice Blend','Iron', 180.0 );
INSERT INTO Alimento_Nutriente VALUES ('Orange Pineapple Juice Blend','Magnesium', 10000.0 );
INSERT INTO Alimento_Nutriente VALUES ('Orange Pineapple Juice Blend','Phosphorus', 11000.0 );
INSERT INTO Alimento_Nutriente VALUES ('Orange Pineapple Juice Blend','Potassium', 150000.0 );
INSERT INTO Alimento_Nutriente VALUES ('Orange Pineapple Juice Blend','Zinc', 60.0 );
INSERT INTO Alimento_Nutriente VALUES ('Orange Pineapple Juice Blend','Vitamin C', 40700.0 );
INSERT INTO Alimento_Nutriente VALUES ('Orange Pineapple Juice Blend','Thiamin', 40.0 );
INSERT INTO Alimento_Nutriente VALUES ('Orange Pineapple Juice Blend','Riboflavin', 25.0 );
INSERT INTO Alimento_Nutriente VALUES ('Orange Pineapple Juice Blend','Niacin', 173.0 );
INSERT INTO Alimento_Nutriente VALUES ('Orange Pineapple Juice Blend','Vitamin B-6', 61.0 );
INSERT INTO Alimento_Nutriente VALUES ('Orange Pineapple Juice Blend','Folate', 10.0 );
INSERT INTO Alimento_Nutriente VALUES ('Orange Pineapple Juice Blend','Vitamin B-12', 0.0 );
INSERT INTO Alimento_Nutriente VALUES ('Orange Pineapple Juice Blend','Vitamin A', 1.0 );
INSERT INTO Alimento_Nutriente VALUES ('Orange Pineapple Juice Blend','Vitamin E', 70.0 );
INSERT INTO Alimento_Nutriente VALUES ('Orange Pineapple Juice Blend','Vitamin D', 0.0 );
INSERT INTO Alimento_Nutriente VALUES ('Orange Pineapple Juice Blend','Vitamin K', 0.1 );
INSERT INTO Alimento VALUES ('Oranges');
INSERT INTO Alimento_Nutriente VALUES ('Oranges','Calcium', 40000.0 );
INSERT INTO Alimento_Nutriente VALUES ('Oranges','Iron', 100.0 );
INSERT INTO Alimento_Nutriente VALUES ('Oranges','Magnesium', 10000.0 );
INSERT INTO Alimento_Nutriente VALUES ('Oranges','Phosphorus', 14000.0 );
INSERT INTO Alimento_Nutriente VALUES ('Oranges','Potassium', 181000.0 );
INSERT INTO Alimento_Nutriente VALUES ('Oranges','Zinc', 70.0 );
INSERT INTO Alimento_Nutriente VALUES ('Oranges','Vitamin C', 53200.0 );
INSERT INTO Alimento_Nutriente VALUES ('Oranges','Thiamin', 87.0 );
INSERT INTO Alimento_Nutriente VALUES ('Oranges','Riboflavin', 40.0 );
INSERT INTO Alimento_Nutriente VALUES ('Oranges','Niacin', 282.0 );
INSERT INTO Alimento_Nutriente VALUES ('Oranges','Vitamin B-6', 60.0 );
INSERT INTO Alimento_Nutriente VALUES ('Oranges','Folate', 30.0 );
INSERT INTO Alimento_Nutriente VALUES ('Oranges','Vitamin B-12', 0.0 );
INSERT INTO Alimento_Nutriente VALUES ('Oranges','Vitamin A', 11.0 );
INSERT INTO Alimento_Nutriente VALUES ('Oranges','Vitamin E', 180.0 );
INSERT INTO Alimento_Nutriente VALUES ('Oranges','Vitamin D', 0.0 );
INSERT INTO Alimento_Nutriente VALUES ('Oranges','Vitamin K', 0.0 );
INSERT INTO Alimento VALUES ('Papaya');
INSERT INTO Alimento_Nutriente VALUES ('Papaya','Calcium', 21000.0 );
INSERT INTO Alimento_Nutriente VALUES ('Papaya','Iron', 290.0 );
INSERT INTO Alimento_Nutriente VALUES ('Papaya','Magnesium', 6000.0 );
INSERT INTO Alimento_Nutriente VALUES ('Papaya','Phosphorus', 6000.0 );
INSERT INTO Alimento_Nutriente VALUES ('Papaya','Potassium', 67000.0 );
INSERT INTO Alimento_Nutriente VALUES ('Papaya','Zinc', 50.0 );
INSERT INTO Alimento_Nutriente VALUES ('Papaya','Vitamin C', 3500.0 );
INSERT INTO Alimento_Nutriente VALUES ('Papaya','Thiamin', 15.0 );
INSERT INTO Alimento_Nutriente VALUES ('Papaya','Riboflavin', 15.0 );
INSERT INTO Alimento_Nutriente VALUES ('Papaya','Niacin', 60.0 );
INSERT INTO Alimento_Nutriente VALUES ('Papaya','Vitamin B-6', 15.0 );
INSERT INTO Alimento_Nutriente VALUES ('Papaya','Vitamin A', 0.0 );
INSERT INTO Alimento_Nutriente VALUES ('Papaya','Vitamin K', 0.3 );
INSERT INTO Alimento VALUES ('Papaya nectar');
INSERT INTO Alimento_Nutriente VALUES ('Papaya nectar','Calcium', 10000.0 );
INSERT INTO Alimento_Nutriente VALUES ('Papaya nectar','Iron', 340.0 );
INSERT INTO Alimento_Nutriente VALUES ('Papaya nectar','Magnesium', 3000.0 );
INSERT INTO Alimento_Nutriente VALUES ('Papaya nectar','Phosphorus', 0.0 );
INSERT INTO Alimento_Nutriente VALUES ('Papaya nectar','Potassium', 31000.0 );
INSERT INTO Alimento_Nutriente VALUES ('Papaya nectar','Zinc', 150.0 );
INSERT INTO Alimento_Nutriente VALUES ('Papaya nectar','Vitamin C', 3000.0 );
INSERT INTO Alimento_Nutriente VALUES ('Papaya nectar','Thiamin', 6.0 );
INSERT INTO Alimento_Nutriente VALUES ('Papaya nectar','Riboflavin', 4.0 );
INSERT INTO Alimento_Nutriente VALUES ('Papaya nectar','Niacin', 150.0 );
INSERT INTO Alimento_Nutriente VALUES ('Papaya nectar','Vitamin B-6', 9.0 );
INSERT INTO Alimento_Nutriente VALUES ('Papaya nectar','Folate', 2.0 );
INSERT INTO Alimento_Nutriente VALUES ('Papaya nectar','Vitamin B-12', 0.0 );
INSERT INTO Alimento_Nutriente VALUES ('Papaya nectar','Vitamin A', 18.0 );
INSERT INTO Alimento_Nutriente VALUES ('Papaya nectar','Vitamin E', 240.0 );
INSERT INTO Alimento_Nutriente VALUES ('Papaya nectar','Vitamin D', 0.0 );
INSERT INTO Alimento_Nutriente VALUES ('Papaya nectar','Vitamin K', 0.8 );
INSERT INTO Alimento VALUES ('Papayas');
INSERT INTO Alimento_Nutriente VALUES ('Papayas','Calcium', 20000.0 );
INSERT INTO Alimento_Nutriente VALUES ('Papayas','Iron', 250.0 );
INSERT INTO Alimento_Nutriente VALUES ('Papayas','Magnesium', 21000.0 );
INSERT INTO Alimento_Nutriente VALUES ('Papayas','Phosphorus', 10000.0 );
INSERT INTO Alimento_Nutriente VALUES ('Papayas','Potassium', 182000.0 );
INSERT INTO Alimento_Nutriente VALUES ('Papayas','Zinc', 80.0 );
INSERT INTO Alimento_Nutriente VALUES ('Papayas','Vitamin C', 60900.0 );
INSERT INTO Alimento_Nutriente VALUES ('Papayas','Thiamin', 23.0 );
INSERT INTO Alimento_Nutriente VALUES ('Papayas','Riboflavin', 27.0 );
INSERT INTO Alimento_Nutriente VALUES ('Papayas','Niacin', 357.0 );
INSERT INTO Alimento_Nutriente VALUES ('Papayas','Vitamin B-6', 38.0 );
INSERT INTO Alimento_Nutriente VALUES ('Papayas','Folate', 37.0 );
INSERT INTO Alimento_Nutriente VALUES ('Papayas','Vitamin B-12', 0.0 );
INSERT INTO Alimento_Nutriente VALUES ('Papayas','Vitamin A', 47.0 );
INSERT INTO Alimento_Nutriente VALUES ('Papayas','Vitamin E', 300.0 );
INSERT INTO Alimento_Nutriente VALUES ('Papayas','Vitamin D', 0.0 );
INSERT INTO Alimento_Nutriente VALUES ('Papayas','Vitamin K', 2.6 );
INSERT INTO Alimento VALUES ('Passion-fruit');
INSERT INTO Alimento_Nutriente VALUES ('Passion-fruit','Calcium', 12000.0 );
INSERT INTO Alimento_Nutriente VALUES ('Passion-fruit','Iron', 1600.0 );
INSERT INTO Alimento_Nutriente VALUES ('Passion-fruit','Magnesium', 29000.0 );
INSERT INTO Alimento_Nutriente VALUES ('Passion-fruit','Phosphorus', 68000.0 );
INSERT INTO Alimento_Nutriente VALUES ('Passion-fruit','Potassium', 348000.0 );
INSERT INTO Alimento_Nutriente VALUES ('Passion-fruit','Zinc', 100.0 );
INSERT INTO Alimento_Nutriente VALUES ('Passion-fruit','Vitamin C', 30000.0 );
INSERT INTO Alimento_Nutriente VALUES ('Passion-fruit','Thiamin', 0.0 );
INSERT INTO Alimento_Nutriente VALUES ('Passion-fruit','Riboflavin', 130.0 );
INSERT INTO Alimento_Nutriente VALUES ('Passion-fruit','Niacin', 1500.0 );
INSERT INTO Alimento_Nutriente VALUES ('Passion-fruit','Vitamin B-6', 100.0 );
INSERT INTO Alimento_Nutriente VALUES ('Passion-fruit','Folate', 14.0 );
INSERT INTO Alimento_Nutriente VALUES ('Passion-fruit','Vitamin B-12', 0.0 );
INSERT INTO Alimento_Nutriente VALUES ('Passion-fruit','Vitamin A', 64.0 );
INSERT INTO Alimento_Nutriente VALUES ('Passion-fruit','Vitamin E', 20.0 );
INSERT INTO Alimento_Nutriente VALUES ('Passion-fruit','Vitamin D', 0.0 );
INSERT INTO Alimento_Nutriente VALUES ('Passion-fruit','Vitamin K', 0.7 );
INSERT INTO Alimento VALUES ('Passion-fruit juice');
INSERT INTO Alimento_Nutriente VALUES ('Passion-fruit juice','Calcium', 4000.0 );
INSERT INTO Alimento_Nutriente VALUES ('Passion-fruit juice','Iron', 240.0 );
INSERT INTO Alimento_Nutriente VALUES ('Passion-fruit juice','Magnesium', 17000.0 );
INSERT INTO Alimento_Nutriente VALUES ('Passion-fruit juice','Phosphorus', 13000.0 );
INSERT INTO Alimento_Nutriente VALUES ('Passion-fruit juice','Potassium', 278000.0 );
INSERT INTO Alimento_Nutriente VALUES ('Passion-fruit juice','Zinc', 50.0 );
INSERT INTO Alimento_Nutriente VALUES ('Passion-fruit juice','Vitamin C', 29800.0 );
INSERT INTO Alimento_Nutriente VALUES ('Passion-fruit juice','Thiamin', 0.0 );
INSERT INTO Alimento_Nutriente VALUES ('Passion-fruit juice','Riboflavin', 131.0 );
INSERT INTO Alimento_Nutriente VALUES ('Passion-fruit juice','Niacin', 1460.0 );
INSERT INTO Alimento_Nutriente VALUES ('Passion-fruit juice','Vitamin B-6', 50.0 );
INSERT INTO Alimento_Nutriente VALUES ('Passion-fruit juice','Folate', 7.0 );
INSERT INTO Alimento_Nutriente VALUES ('Passion-fruit juice','Vitamin B-12', 0.0 );
INSERT INTO Alimento_Nutriente VALUES ('Passion-fruit juice','Vitamin A', 36.0 );
INSERT INTO Alimento_Nutriente VALUES ('Passion-fruit juice','Vitamin E', 10.0 );
INSERT INTO Alimento_Nutriente VALUES ('Passion-fruit juice','Vitamin D', 0.0 );
INSERT INTO Alimento_Nutriente VALUES ('Passion-fruit juice','Vitamin K', 0.4 );
INSERT INTO Alimento VALUES ('Peaches');
INSERT INTO Alimento_Nutriente VALUES ('Peaches','Calcium', 3000.0 );
INSERT INTO Alimento_Nutriente VALUES ('Peaches','Iron', 290.0 );
INSERT INTO Alimento_Nutriente VALUES ('Peaches','Magnesium', 5000.0 );
INSERT INTO Alimento_Nutriente VALUES ('Peaches','Phosphorus', 11000.0 );
INSERT INTO Alimento_Nutriente VALUES ('Peaches','Potassium', 83000.0 );
INSERT INTO Alimento_Nutriente VALUES ('Peaches','Zinc', 90.0 );
INSERT INTO Alimento_Nutriente VALUES ('Peaches','Vitamin C', 1200.0 );
INSERT INTO Alimento_Nutriente VALUES ('Peaches','Thiamin', 11.0 );
INSERT INTO Alimento_Nutriente VALUES ('Peaches','Riboflavin', 21.0 );
INSERT INTO Alimento_Nutriente VALUES ('Peaches','Niacin', 520.0 );
INSERT INTO Alimento_Nutriente VALUES ('Peaches','Vitamin B-6', 19.0 );
INSERT INTO Alimento_Nutriente VALUES ('Peaches','Folate', 3.0 );
INSERT INTO Alimento_Nutriente VALUES ('Peaches','Vitamin B-12', 0.0 );
INSERT INTO Alimento_Nutriente VALUES ('Peaches','Vitamin A', 7.0 );
INSERT INTO Alimento_Nutriente VALUES ('Peaches','Vitamin D', 0.0 );
INSERT INTO Alimento VALUES ('Peach nectar');
INSERT INTO Alimento_Nutriente VALUES ('Peach nectar','Calcium', 5000.0 );
INSERT INTO Alimento_Nutriente VALUES ('Peach nectar','Iron', 190.0 );
INSERT INTO Alimento_Nutriente VALUES ('Peach nectar','Magnesium', 4000.0 );
INSERT INTO Alimento_Nutriente VALUES ('Peach nectar','Phosphorus', 6000.0 );
INSERT INTO Alimento_Nutriente VALUES ('Peach nectar','Potassium', 40000.0 );
INSERT INTO Alimento_Nutriente VALUES ('Peach nectar','Zinc', 80.0 );
INSERT INTO Alimento_Nutriente VALUES ('Peach nectar','Vitamin C', 17600.0 );
INSERT INTO Alimento_Nutriente VALUES ('Peach nectar','Thiamin', 3.0 );
INSERT INTO Alimento_Nutriente VALUES ('Peach nectar','Riboflavin', 14.0 );
INSERT INTO Alimento_Nutriente VALUES ('Peach nectar','Niacin', 288.0 );
INSERT INTO Alimento_Nutriente VALUES ('Peach nectar','Vitamin B-6', 7.0 );
INSERT INTO Alimento_Nutriente VALUES ('Peach nectar','Folate', 1.0 );
INSERT INTO Alimento_Nutriente VALUES ('Peach nectar','Vitamin B-12', 0.0 );
INSERT INTO Alimento_Nutriente VALUES ('Peach nectar','Vitamin A', 13.0 );
INSERT INTO Alimento_Nutriente VALUES ('Peach nectar','Vitamin D', 0.0 );
INSERT INTO Alimento VALUES ('Pear nectar');
INSERT INTO Alimento_Nutriente VALUES ('Pear nectar','Calcium', 5000.0 );
INSERT INTO Alimento_Nutriente VALUES ('Pear nectar','Iron', 260.0 );
INSERT INTO Alimento_Nutriente VALUES ('Pear nectar','Magnesium', 3000.0 );
INSERT INTO Alimento_Nutriente VALUES ('Pear nectar','Phosphorus', 3000.0 );
INSERT INTO Alimento_Nutriente VALUES ('Pear nectar','Potassium', 13000.0 );
INSERT INTO Alimento_Nutriente VALUES ('Pear nectar','Zinc', 70.0 );
INSERT INTO Alimento_Nutriente VALUES ('Pear nectar','Vitamin C', 27000.0 );
INSERT INTO Alimento_Nutriente VALUES ('Pear nectar','Thiamin', 2.0 );
INSERT INTO Alimento_Nutriente VALUES ('Pear nectar','Riboflavin', 13.0 );
INSERT INTO Alimento_Nutriente VALUES ('Pear nectar','Niacin', 128.0 );
INSERT INTO Alimento_Nutriente VALUES ('Pear nectar','Vitamin B-6', 14.0 );
INSERT INTO Alimento_Nutriente VALUES ('Pear nectar','Folate', 1.0 );
INSERT INTO Alimento_Nutriente VALUES ('Pear nectar','Vitamin B-12', 0.0 );
INSERT INTO Alimento_Nutriente VALUES ('Pear nectar','Vitamin A', 0.0 );
INSERT INTO Alimento_Nutriente VALUES ('Pear nectar','Vitamin D', 0.0 );
INSERT INTO Alimento VALUES ('Pears');
INSERT INTO Alimento_Nutriente VALUES ('Pears','Calcium', 4000.0 );
INSERT INTO Alimento_Nutriente VALUES ('Pears','Iron', 0.0 );
INSERT INTO Alimento_Nutriente VALUES ('Pears','Magnesium', 8000.0 );
INSERT INTO Alimento_Nutriente VALUES ('Pears','Phosphorus', 11000.0 );
INSERT INTO Alimento_Nutriente VALUES ('Pears','Potassium', 121000.0 );
INSERT INTO Alimento_Nutriente VALUES ('Pears','Zinc', 20.0 );
INSERT INTO Alimento_Nutriente VALUES ('Pears','Vitamin C', 3800.0 );
INSERT INTO Alimento_Nutriente VALUES ('Pears','Thiamin', 9.0 );
INSERT INTO Alimento_Nutriente VALUES ('Pears','Riboflavin', 10.0 );
INSERT INTO Alimento_Nutriente VALUES ('Pears','Niacin', 219.0 );
INSERT INTO Alimento_Nutriente VALUES ('Pears','Vitamin B-6', 22.0 );
INSERT INTO Alimento_Nutriente VALUES ('Pears','Folate', 8.0 );
INSERT INTO Alimento_Nutriente VALUES ('Pears','Vitamin B-12', 0.0 );
INSERT INTO Alimento_Nutriente VALUES ('Pears','Vitamin A', 0.0 );
INSERT INTO Alimento_Nutriente VALUES ('Pears','Vitamin E', 120.0 );
INSERT INTO Alimento_Nutriente VALUES ('Pears','Vitamin D', 0.0 );
INSERT INTO Alimento_Nutriente VALUES ('Pears','Vitamin K', 4.5 );
INSERT INTO Alimento VALUES ('Persimmons');
INSERT INTO Alimento_Nutriente VALUES ('Persimmons','Calcium', 25000.0 );
INSERT INTO Alimento_Nutriente VALUES ('Persimmons','Iron', 740.0 );
INSERT INTO Alimento_Nutriente VALUES ('Persimmons','Magnesium', 31000.0 );
INSERT INTO Alimento_Nutriente VALUES ('Persimmons','Phosphorus', 81000.0 );
INSERT INTO Alimento_Nutriente VALUES ('Persimmons','Potassium', 802000.0 );
INSERT INTO Alimento_Nutriente VALUES ('Persimmons','Zinc', 420.0 );
INSERT INTO Alimento_Nutriente VALUES ('Persimmons','Vitamin C', 0.0 );
INSERT INTO Alimento_Nutriente VALUES ('Persimmons','Riboflavin', 29.0 );
INSERT INTO Alimento_Nutriente VALUES ('Persimmons','Niacin', 180.0 );
INSERT INTO Alimento_Nutriente VALUES ('Persimmons','Vitamin B-12', 0.0 );
INSERT INTO Alimento_Nutriente VALUES ('Persimmons','Vitamin A', 38.0 );
INSERT INTO Alimento_Nutriente VALUES ('Persimmons','Vitamin D', 0.0 );
INSERT INTO Alimento VALUES ('Pineapple');
INSERT INTO Alimento_Nutriente VALUES ('Pineapple','Calcium', 14000.0 );
INSERT INTO Alimento_Nutriente VALUES ('Pineapple','Iron', 380.0 );
INSERT INTO Alimento_Nutriente VALUES ('Pineapple','Magnesium', 15000.0 );
INSERT INTO Alimento_Nutriente VALUES ('Pineapple','Phosphorus', 7000.0 );
INSERT INTO Alimento_Nutriente VALUES ('Pineapple','Potassium', 102000.0 );
INSERT INTO Alimento_Nutriente VALUES ('Pineapple','Zinc', 110.0 );
INSERT INTO Alimento_Nutriente VALUES ('Pineapple','Vitamin C', 7300.0 );
INSERT INTO Alimento_Nutriente VALUES ('Pineapple','Thiamin', 89.0 );
INSERT INTO Alimento_Nutriente VALUES ('Pineapple','Riboflavin', 25.0 );
INSERT INTO Alimento_Nutriente VALUES ('Pineapple','Niacin', 282.0 );
INSERT INTO Alimento_Nutriente VALUES ('Pineapple','Vitamin B-6', 74.0 );
INSERT INTO Alimento_Nutriente VALUES ('Pineapple','Folate', 5.0 );
INSERT INTO Alimento_Nutriente VALUES ('Pineapple','Vitamin B-12', 0.0 );
INSERT INTO Alimento_Nutriente VALUES ('Pineapple','Vitamin A', 1.0 );
INSERT INTO Alimento_Nutriente VALUES ('Pineapple','Vitamin D', 0.0 );
INSERT INTO Alimento VALUES ('Pineapple juice');
INSERT INTO Alimento_Nutriente VALUES ('Pineapple juice','Calcium', 13000.0 );
INSERT INTO Alimento_Nutriente VALUES ('Pineapple juice','Iron', 310.0 );
INSERT INTO Alimento_Nutriente VALUES ('Pineapple juice','Magnesium', 12000.0 );
INSERT INTO Alimento_Nutriente VALUES ('Pineapple juice','Phosphorus', 8000.0 );
INSERT INTO Alimento_Nutriente VALUES ('Pineapple juice','Potassium', 130000.0 );
INSERT INTO Alimento_Nutriente VALUES ('Pineapple juice','Zinc', 110.0 );
INSERT INTO Alimento_Nutriente VALUES ('Pineapple juice','Vitamin C', 43800.0 );
INSERT INTO Alimento_Nutriente VALUES ('Pineapple juice','Thiamin', 58.0 );
INSERT INTO Alimento_Nutriente VALUES ('Pineapple juice','Riboflavin', 21.0 );
INSERT INTO Alimento_Nutriente VALUES ('Pineapple juice','Niacin', 199.0 );
INSERT INTO Alimento_Nutriente VALUES ('Pineapple juice','Vitamin B-6', 100.0 );
INSERT INTO Alimento_Nutriente VALUES ('Pineapple juice','Folate', 18.0 );
INSERT INTO Alimento_Nutriente VALUES ('Pineapple juice','Vitamin B-12', 0.0 );
INSERT INTO Alimento_Nutriente VALUES ('Pineapple juice','Vitamin A', 0.0 );
INSERT INTO Alimento_Nutriente VALUES ('Pineapple juice','Vitamin E', 20.0 );
INSERT INTO Alimento_Nutriente VALUES ('Pineapple juice','Vitamin D', 0.0 );
INSERT INTO Alimento_Nutriente VALUES ('Pineapple juice','Vitamin K', 0.3 );
INSERT INTO Alimento VALUES ('Pitanga');
INSERT INTO Alimento_Nutriente VALUES ('Pitanga','Calcium', 9000.0 );
INSERT INTO Alimento_Nutriente VALUES ('Pitanga','Iron', 200.0 );
INSERT INTO Alimento_Nutriente VALUES ('Pitanga','Magnesium', 12000.0 );
INSERT INTO Alimento_Nutriente VALUES ('Pitanga','Phosphorus', 11000.0 );
INSERT INTO Alimento_Nutriente VALUES ('Pitanga','Potassium', 103000.0 );
INSERT INTO Alimento_Nutriente VALUES ('Pitanga','Vitamin C', 26300.0 );
INSERT INTO Alimento_Nutriente VALUES ('Pitanga','Thiamin', 30.0 );
INSERT INTO Alimento_Nutriente VALUES ('Pitanga','Riboflavin', 40.0 );
INSERT INTO Alimento_Nutriente VALUES ('Pitanga','Niacin', 300.0 );
INSERT INTO Alimento_Nutriente VALUES ('Pitanga','Vitamin B-12', 0.0 );
INSERT INTO Alimento_Nutriente VALUES ('Pitanga','Vitamin A', 75.0 );
INSERT INTO Alimento VALUES ('Plantains');
INSERT INTO Alimento_Nutriente VALUES ('Plantains','Calcium', 2000.0 );
INSERT INTO Alimento_Nutriente VALUES ('Plantains','Iron', 580.0 );
INSERT INTO Alimento_Nutriente VALUES ('Plantains','Magnesium', 32000.0 );
INSERT INTO Alimento_Nutriente VALUES ('Plantains','Phosphorus', 28000.0 );
INSERT INTO Alimento_Nutriente VALUES ('Plantains','Potassium', 465000.0 );
INSERT INTO Alimento_Nutriente VALUES ('Plantains','Zinc', 130.0 );
INSERT INTO Alimento_Nutriente VALUES ('Plantains','Vitamin C', 10900.0 );
INSERT INTO Alimento_Nutriente VALUES ('Plantains','Thiamin', 46.0 );
INSERT INTO Alimento_Nutriente VALUES ('Plantains','Riboflavin', 52.0 );
INSERT INTO Alimento_Nutriente VALUES ('Plantains','Niacin', 756.0 );
INSERT INTO Alimento_Nutriente VALUES ('Plantains','Vitamin B-6', 240.0 );
INSERT INTO Alimento_Nutriente VALUES ('Plantains','Folate', 26.0 );
INSERT INTO Alimento_Nutriente VALUES ('Plantains','Vitamin B-12', 0.0 );
INSERT INTO Alimento_Nutriente VALUES ('Plantains','Vitamin A', 45.0 );
INSERT INTO Alimento_Nutriente VALUES ('Plantains','Vitamin E', 130.0 );
INSERT INTO Alimento_Nutriente VALUES ('Plantains','Vitamin D', 0.0 );
INSERT INTO Alimento_Nutriente VALUES ('Plantains','Vitamin K', 0.7 );
INSERT INTO Alimento VALUES ('Plums');
INSERT INTO Alimento_Nutriente VALUES ('Plums','Calcium', 10000.0 );
INSERT INTO Alimento_Nutriente VALUES ('Plums','Iron', 840.0 );
INSERT INTO Alimento_Nutriente VALUES ('Plums','Magnesium', 5000.0 );
INSERT INTO Alimento_Nutriente VALUES ('Plums','Phosphorus', 15000.0 );
INSERT INTO Alimento_Nutriente VALUES ('Plums','Potassium', 93000.0 );
INSERT INTO Alimento_Nutriente VALUES ('Plums','Zinc', 70.0 );
INSERT INTO Alimento_Nutriente VALUES ('Plums','Vitamin C', 400.0 );
INSERT INTO Alimento_Nutriente VALUES ('Plums','Thiamin', 17.0 );
INSERT INTO Alimento_Nutriente VALUES ('Plums','Riboflavin', 41.0 );
INSERT INTO Alimento_Nutriente VALUES ('Plums','Niacin', 291.0 );
INSERT INTO Alimento_Nutriente VALUES ('Plums','Vitamin B-6', 28.0 );
INSERT INTO Alimento_Nutriente VALUES ('Plums','Folate', 3.0 );
INSERT INTO Alimento_Nutriente VALUES ('Plums','Vitamin B-12', 0.0 );
INSERT INTO Alimento_Nutriente VALUES ('Plums','Vitamin A', 20.0 );
INSERT INTO Alimento_Nutriente VALUES ('Plums','Vitamin E', 260.0 );
INSERT INTO Alimento_Nutriente VALUES ('Plums','Vitamin D', 0.0 );
INSERT INTO Alimento_Nutriente VALUES ('Plums','Vitamin K', 6.4 );
INSERT INTO Alimento VALUES ('Pomegranate juice');
INSERT INTO Alimento_Nutriente VALUES ('Pomegranate juice','Calcium', 11000.0 );
INSERT INTO Alimento_Nutriente VALUES ('Pomegranate juice','Iron', 100.0 );
INSERT INTO Alimento_Nutriente VALUES ('Pomegranate juice','Magnesium', 7000.0 );
INSERT INTO Alimento_Nutriente VALUES ('Pomegranate juice','Phosphorus', 11000.0 );
INSERT INTO Alimento_Nutriente VALUES ('Pomegranate juice','Potassium', 214000.0 );
INSERT INTO Alimento_Nutriente VALUES ('Pomegranate juice','Zinc', 90.0 );
INSERT INTO Alimento_Nutriente VALUES ('Pomegranate juice','Vitamin C', 100.0 );
INSERT INTO Alimento_Nutriente VALUES ('Pomegranate juice','Thiamin', 15.0 );
INSERT INTO Alimento_Nutriente VALUES ('Pomegranate juice','Riboflavin', 15.0 );
INSERT INTO Alimento_Nutriente VALUES ('Pomegranate juice','Niacin', 233.0 );
INSERT INTO Alimento_Nutriente VALUES ('Pomegranate juice','Vitamin B-6', 40.0 );
INSERT INTO Alimento_Nutriente VALUES ('Pomegranate juice','Folate', 24.0 );
INSERT INTO Alimento_Nutriente VALUES ('Pomegranate juice','Vitamin B-12', 0.0 );
INSERT INTO Alimento_Nutriente VALUES ('Pomegranate juice','Vitamin A', 0.0 );
INSERT INTO Alimento_Nutriente VALUES ('Pomegranate juice','Vitamin E', 380.0 );
INSERT INTO Alimento_Nutriente VALUES ('Pomegranate juice','Vitamin D', 0.0 );
INSERT INTO Alimento_Nutriente VALUES ('Pomegranate juice','Vitamin K', 10.4 );
INSERT INTO Alimento VALUES ('Pomegranates');
INSERT INTO Alimento_Nutriente VALUES ('Pomegranates','Calcium', 10000.0 );
INSERT INTO Alimento_Nutriente VALUES ('Pomegranates','Iron', 300.0 );
INSERT INTO Alimento_Nutriente VALUES ('Pomegranates','Magnesium', 12000.0 );
INSERT INTO Alimento_Nutriente VALUES ('Pomegranates','Phosphorus', 36000.0 );
INSERT INTO Alimento_Nutriente VALUES ('Pomegranates','Potassium', 236000.0 );
INSERT INTO Alimento_Nutriente VALUES ('Pomegranates','Zinc', 350.0 );
INSERT INTO Alimento_Nutriente VALUES ('Pomegranates','Vitamin C', 10200.0 );
INSERT INTO Alimento_Nutriente VALUES ('Pomegranates','Thiamin', 67.0 );
INSERT INTO Alimento_Nutriente VALUES ('Pomegranates','Riboflavin', 53.0 );
INSERT INTO Alimento_Nutriente VALUES ('Pomegranates','Niacin', 293.0 );
INSERT INTO Alimento_Nutriente VALUES ('Pomegranates','Vitamin B-6', 75.0 );
INSERT INTO Alimento_Nutriente VALUES ('Pomegranates','Folate', 38.0 );
INSERT INTO Alimento_Nutriente VALUES ('Pomegranates','Vitamin B-12', 0.0 );
INSERT INTO Alimento_Nutriente VALUES ('Pomegranates','Vitamin A', 0.0 );
INSERT INTO Alimento_Nutriente VALUES ('Pomegranates','Vitamin E', 600.0 );
INSERT INTO Alimento_Nutriente VALUES ('Pomegranates','Vitamin D', 0.0 );
INSERT INTO Alimento_Nutriente VALUES ('Pomegranates','Vitamin K', 16.4 );
INSERT INTO Alimento VALUES ('Prickly pears');
INSERT INTO Alimento_Nutriente VALUES ('Prickly pears','Calcium', 56000.0 );
INSERT INTO Alimento_Nutriente VALUES ('Prickly pears','Iron', 300.0 );
INSERT INTO Alimento_Nutriente VALUES ('Prickly pears','Magnesium', 85000.0 );
INSERT INTO Alimento_Nutriente VALUES ('Prickly pears','Phosphorus', 24000.0 );
INSERT INTO Alimento_Nutriente VALUES ('Prickly pears','Potassium', 220000.0 );
INSERT INTO Alimento_Nutriente VALUES ('Prickly pears','Zinc', 120.0 );
INSERT INTO Alimento_Nutriente VALUES ('Prickly pears','Vitamin C', 14000.0 );
INSERT INTO Alimento_Nutriente VALUES ('Prickly pears','Thiamin', 14.0 );
INSERT INTO Alimento_Nutriente VALUES ('Prickly pears','Riboflavin', 60.0 );
INSERT INTO Alimento_Nutriente VALUES ('Prickly pears','Niacin', 460.0 );
INSERT INTO Alimento_Nutriente VALUES ('Prickly pears','Vitamin B-6', 60.0 );
INSERT INTO Alimento_Nutriente VALUES ('Prickly pears','Folate', 6.0 );
INSERT INTO Alimento_Nutriente VALUES ('Prickly pears','Vitamin B-12', 0.0 );
INSERT INTO Alimento_Nutriente VALUES ('Prickly pears','Vitamin A', 2.0 );
INSERT INTO Alimento VALUES ('Prune juice');
INSERT INTO Alimento_Nutriente VALUES ('Prune juice','Calcium', 12000.0 );
INSERT INTO Alimento_Nutriente VALUES ('Prune juice','Iron', 1180.0 );
INSERT INTO Alimento_Nutriente VALUES ('Prune juice','Magnesium', 14000.0 );
INSERT INTO Alimento_Nutriente VALUES ('Prune juice','Phosphorus', 25000.0 );
INSERT INTO Alimento_Nutriente VALUES ('Prune juice','Potassium', 276000.0 );
INSERT INTO Alimento_Nutriente VALUES ('Prune juice','Zinc', 210.0 );
INSERT INTO Alimento_Nutriente VALUES ('Prune juice','Vitamin C', 4100.0 );
INSERT INTO Alimento_Nutriente VALUES ('Prune juice','Thiamin', 16.0 );
INSERT INTO Alimento_Nutriente VALUES ('Prune juice','Riboflavin', 70.0 );
INSERT INTO Alimento_Nutriente VALUES ('Prune juice','Niacin', 785.0 );
INSERT INTO Alimento_Nutriente VALUES ('Prune juice','Vitamin B-6', 218.0 );
INSERT INTO Alimento_Nutriente VALUES ('Prune juice','Folate', 0.0 );
INSERT INTO Alimento_Nutriente VALUES ('Prune juice','Vitamin B-12', 0.0 );
INSERT INTO Alimento_Nutriente VALUES ('Prune juice','Vitamin A', 0.0 );
INSERT INTO Alimento_Nutriente VALUES ('Prune juice','Vitamin E', 120.0 );
INSERT INTO Alimento_Nutriente VALUES ('Prune juice','Vitamin D', 0.0 );
INSERT INTO Alimento_Nutriente VALUES ('Prune juice','Vitamin K', 3.4 );
INSERT INTO Alimento VALUES ('Prune puree');
INSERT INTO Alimento_Nutriente VALUES ('Prune puree','Calcium', 31000.0 );
INSERT INTO Alimento_Nutriente VALUES ('Prune puree','Iron', 2800.0 );
INSERT INTO Alimento_Nutriente VALUES ('Prune puree','Phosphorus', 72000.0 );
INSERT INTO Alimento_Nutriente VALUES ('Prune puree','Potassium', 852000.0 );
INSERT INTO Alimento_Nutriente VALUES ('Prune puree','Vitamin C', 4300.0 );
INSERT INTO Alimento_Nutriente VALUES ('Prune puree','Thiamin', 40.0 );
INSERT INTO Alimento_Nutriente VALUES ('Prune puree','Niacin', 2500.0 );
INSERT INTO Alimento_Nutriente VALUES ('Prune puree','Vitamin A', 100.0 );
INSERT INTO Alimento VALUES ('Prunes');
INSERT INTO Alimento_Nutriente VALUES ('Prunes','Calcium', 17000.0 );
INSERT INTO Alimento_Nutriente VALUES ('Prunes','Iron', 410.0 );
INSERT INTO Alimento_Nutriente VALUES ('Prunes','Magnesium', 15000.0 );
INSERT INTO Alimento_Nutriente VALUES ('Prunes','Phosphorus', 26000.0 );
INSERT INTO Alimento_Nutriente VALUES ('Prunes','Potassium', 226000.0 );
INSERT INTO Alimento_Nutriente VALUES ('Prunes','Zinc', 190.0 );
INSERT INTO Alimento_Nutriente VALUES ('Prunes','Vitamin C', 2800.0 );
INSERT INTO Alimento_Nutriente VALUES ('Prunes','Thiamin', 34.0 );
INSERT INTO Alimento_Nutriente VALUES ('Prunes','Riboflavin', 122.0 );
INSERT INTO Alimento_Nutriente VALUES ('Prunes','Niacin', 866.0 );
INSERT INTO Alimento_Nutriente VALUES ('Prunes','Vitamin B-6', 203.0 );
INSERT INTO Alimento_Nutriente VALUES ('Prunes','Folate', 0.0 );
INSERT INTO Alimento_Nutriente VALUES ('Prunes','Vitamin B-12', 0.0 );
INSERT INTO Alimento_Nutriente VALUES ('Prunes','Vitamin A', 40.0 );
INSERT INTO Alimento_Nutriente VALUES ('Prunes','Vitamin D', 0.0 );
INSERT INTO Alimento VALUES ('Pummelo');
INSERT INTO Alimento_Nutriente VALUES ('Pummelo','Calcium', 4000.0 );
INSERT INTO Alimento_Nutriente VALUES ('Pummelo','Iron', 110.0 );
INSERT INTO Alimento_Nutriente VALUES ('Pummelo','Magnesium', 6000.0 );
INSERT INTO Alimento_Nutriente VALUES ('Pummelo','Phosphorus', 17000.0 );
INSERT INTO Alimento_Nutriente VALUES ('Pummelo','Potassium', 216000.0 );
INSERT INTO Alimento_Nutriente VALUES ('Pummelo','Zinc', 80.0 );
INSERT INTO Alimento_Nutriente VALUES ('Pummelo','Vitamin C', 61000.0 );
INSERT INTO Alimento_Nutriente VALUES ('Pummelo','Thiamin', 34.0 );
INSERT INTO Alimento_Nutriente VALUES ('Pummelo','Riboflavin', 27.0 );
INSERT INTO Alimento_Nutriente VALUES ('Pummelo','Niacin', 220.0 );
INSERT INTO Alimento_Nutriente VALUES ('Pummelo','Vitamin B-6', 36.0 );
INSERT INTO Alimento_Nutriente VALUES ('Pummelo','Vitamin B-12', 0.0 );
INSERT INTO Alimento_Nutriente VALUES ('Pummelo','Vitamin A', 0.0 );
INSERT INTO Alimento VALUES ('Quinces');
INSERT INTO Alimento_Nutriente VALUES ('Quinces','Calcium', 11000.0 );
INSERT INTO Alimento_Nutriente VALUES ('Quinces','Iron', 700.0 );
INSERT INTO Alimento_Nutriente VALUES ('Quinces','Magnesium', 8000.0 );
INSERT INTO Alimento_Nutriente VALUES ('Quinces','Phosphorus', 17000.0 );
INSERT INTO Alimento_Nutriente VALUES ('Quinces','Potassium', 197000.0 );
INSERT INTO Alimento_Nutriente VALUES ('Quinces','Zinc', 40.0 );
INSERT INTO Alimento_Nutriente VALUES ('Quinces','Vitamin C', 15000.0 );
INSERT INTO Alimento_Nutriente VALUES ('Quinces','Thiamin', 20.0 );
INSERT INTO Alimento_Nutriente VALUES ('Quinces','Riboflavin', 30.0 );
INSERT INTO Alimento_Nutriente VALUES ('Quinces','Niacin', 200.0 );
INSERT INTO Alimento_Nutriente VALUES ('Quinces','Vitamin B-6', 40.0 );
INSERT INTO Alimento_Nutriente VALUES ('Quinces','Folate', 3.0 );
INSERT INTO Alimento_Nutriente VALUES ('Quinces','Vitamin B-12', 0.0 );
INSERT INTO Alimento_Nutriente VALUES ('Quinces','Vitamin A', 2.0 );
INSERT INTO Alimento VALUES ('Raisins');
INSERT INTO Alimento_Nutriente VALUES ('Raisins','Calcium', 53000.0 );
INSERT INTO Alimento_Nutriente VALUES ('Raisins','Iron', 1790.0 );
INSERT INTO Alimento_Nutriente VALUES ('Raisins','Magnesium', 35000.0 );
INSERT INTO Alimento_Nutriente VALUES ('Raisins','Phosphorus', 115000.0 );
INSERT INTO Alimento_Nutriente VALUES ('Raisins','Potassium', 746000.0 );
INSERT INTO Alimento_Nutriente VALUES ('Raisins','Zinc', 320.0 );
INSERT INTO Alimento_Nutriente VALUES ('Raisins','Vitamin C', 3200.0 );
INSERT INTO Alimento_Nutriente VALUES ('Raisins','Thiamin', 8.0 );
INSERT INTO Alimento_Nutriente VALUES ('Raisins','Riboflavin', 191.0 );
INSERT INTO Alimento_Nutriente VALUES ('Raisins','Niacin', 1142.0 );
INSERT INTO Alimento_Nutriente VALUES ('Raisins','Vitamin B-6', 323.0 );
INSERT INTO Alimento_Nutriente VALUES ('Raisins','Folate', 3.0 );
INSERT INTO Alimento_Nutriente VALUES ('Raisins','Vitamin B-12', 0.0 );
INSERT INTO Alimento_Nutriente VALUES ('Raisins','Vitamin A', 0.0 );
INSERT INTO Alimento_Nutriente VALUES ('Raisins','Vitamin E', 120.0 );
INSERT INTO Alimento_Nutriente VALUES ('Raisins','Vitamin D', 0.0 );
INSERT INTO Alimento_Nutriente VALUES ('Raisins','Vitamin K', 3.5 );
INSERT INTO Alimento VALUES ('Rambutan');
INSERT INTO Alimento_Nutriente VALUES ('Rambutan','Calcium', 22000.0 );
INSERT INTO Alimento_Nutriente VALUES ('Rambutan','Iron', 350.0 );
INSERT INTO Alimento_Nutriente VALUES ('Rambutan','Magnesium', 7000.0 );
INSERT INTO Alimento_Nutriente VALUES ('Rambutan','Phosphorus', 9000.0 );
INSERT INTO Alimento_Nutriente VALUES ('Rambutan','Potassium', 42000.0 );
INSERT INTO Alimento_Nutriente VALUES ('Rambutan','Zinc', 80.0 );
INSERT INTO Alimento_Nutriente VALUES ('Rambutan','Vitamin C', 4900.0 );
INSERT INTO Alimento_Nutriente VALUES ('Rambutan','Thiamin', 13.0 );
INSERT INTO Alimento_Nutriente VALUES ('Rambutan','Riboflavin', 22.0 );
INSERT INTO Alimento_Nutriente VALUES ('Rambutan','Niacin', 1352.0 );
INSERT INTO Alimento_Nutriente VALUES ('Rambutan','Vitamin B-6', 20.0 );
INSERT INTO Alimento_Nutriente VALUES ('Rambutan','Folate', 8.0 );
INSERT INTO Alimento_Nutriente VALUES ('Rambutan','Vitamin B-12', 0.0 );
INSERT INTO Alimento_Nutriente VALUES ('Rambutan','Vitamin A', 0.0 );
INSERT INTO Alimento VALUES ('Raspberries');
INSERT INTO Alimento_Nutriente VALUES ('Raspberries','Calcium', 11000.0 );
INSERT INTO Alimento_Nutriente VALUES ('Raspberries','Iron', 420.0 );
INSERT INTO Alimento_Nutriente VALUES ('Raspberries','Magnesium', 12000.0 );
INSERT INTO Alimento_Nutriente VALUES ('Raspberries','Phosphorus', 9000.0 );
INSERT INTO Alimento_Nutriente VALUES ('Raspberries','Potassium', 94000.0 );
INSERT INTO Alimento_Nutriente VALUES ('Raspberries','Zinc', 160.0 );
INSERT INTO Alimento_Nutriente VALUES ('Raspberries','Vitamin C', 8700.0 );
INSERT INTO Alimento_Nutriente VALUES ('Raspberries','Thiamin', 20.0 );
INSERT INTO Alimento_Nutriente VALUES ('Raspberries','Riboflavin', 31.0 );
INSERT INTO Alimento_Nutriente VALUES ('Raspberries','Niacin', 443.0 );
INSERT INTO Alimento_Nutriente VALUES ('Raspberries','Vitamin B-6', 42.0 );
INSERT INTO Alimento_Nutriente VALUES ('Raspberries','Folate', 11.0 );
INSERT INTO Alimento_Nutriente VALUES ('Raspberries','Vitamin B-12', 0.0 );
INSERT INTO Alimento_Nutriente VALUES ('Raspberries','Vitamin A', 2.0 );
INSERT INTO Alimento_Nutriente VALUES ('Raspberries','Vitamin E', 590.0 );
INSERT INTO Alimento_Nutriente VALUES ('Raspberries','Vitamin D', 0.0 );
INSERT INTO Alimento_Nutriente VALUES ('Raspberries','Vitamin K', 5.2 );
INSERT INTO Alimento VALUES ('Rhubarb');
INSERT INTO Alimento_Nutriente VALUES ('Rhubarb','Calcium', 145000.0 );
INSERT INTO Alimento_Nutriente VALUES ('Rhubarb','Iron', 210.0 );
INSERT INTO Alimento_Nutriente VALUES ('Rhubarb','Magnesium', 12000.0 );
INSERT INTO Alimento_Nutriente VALUES ('Rhubarb','Phosphorus', 8000.0 );
INSERT INTO Alimento_Nutriente VALUES ('Rhubarb','Potassium', 96000.0 );
INSERT INTO Alimento_Nutriente VALUES ('Rhubarb','Zinc', 80.0 );
INSERT INTO Alimento_Nutriente VALUES ('Rhubarb','Vitamin C', 3300.0 );
INSERT INTO Alimento_Nutriente VALUES ('Rhubarb','Thiamin', 18.0 );
INSERT INTO Alimento_Nutriente VALUES ('Rhubarb','Riboflavin', 23.0 );
INSERT INTO Alimento_Nutriente VALUES ('Rhubarb','Niacin', 200.0 );
INSERT INTO Alimento_Nutriente VALUES ('Rhubarb','Vitamin B-6', 20.0 );
INSERT INTO Alimento_Nutriente VALUES ('Rhubarb','Folate', 5.0 );
INSERT INTO Alimento_Nutriente VALUES ('Rhubarb','Vitamin B-12', 0.0 );
INSERT INTO Alimento_Nutriente VALUES ('Rhubarb','Vitamin A', 4.0 );
INSERT INTO Alimento_Nutriente VALUES ('Rhubarb','Vitamin E', 190.0 );
INSERT INTO Alimento_Nutriente VALUES ('Rhubarb','Vitamin D', 0.0 );
INSERT INTO Alimento_Nutriente VALUES ('Rhubarb','Vitamin K', 21.1 );
INSERT INTO Alimento VALUES ('Rose-apples');
INSERT INTO Alimento_Nutriente VALUES ('Rose-apples','Calcium', 29000.0 );
INSERT INTO Alimento_Nutriente VALUES ('Rose-apples','Iron', 70.0 );
INSERT INTO Alimento_Nutriente VALUES ('Rose-apples','Magnesium', 5000.0 );
INSERT INTO Alimento_Nutriente VALUES ('Rose-apples','Phosphorus', 8000.0 );
INSERT INTO Alimento_Nutriente VALUES ('Rose-apples','Potassium', 123000.0 );
INSERT INTO Alimento_Nutriente VALUES ('Rose-apples','Zinc', 60.0 );
INSERT INTO Alimento_Nutriente VALUES ('Rose-apples','Vitamin C', 22300.0 );
INSERT INTO Alimento_Nutriente VALUES ('Rose-apples','Thiamin', 20.0 );
INSERT INTO Alimento_Nutriente VALUES ('Rose-apples','Riboflavin', 30.0 );
INSERT INTO Alimento_Nutriente VALUES ('Rose-apples','Niacin', 800.0 );
INSERT INTO Alimento_Nutriente VALUES ('Rose-apples','Vitamin B-12', 0.0 );
INSERT INTO Alimento_Nutriente VALUES ('Rose-apples','Vitamin A', 17.0 );
INSERT INTO Alimento VALUES ('Roselle');
INSERT INTO Alimento_Nutriente VALUES ('Roselle','Calcium', 215000.0 );
INSERT INTO Alimento_Nutriente VALUES ('Roselle','Iron', 1480.0 );
INSERT INTO Alimento_Nutriente VALUES ('Roselle','Magnesium', 51000.0 );
INSERT INTO Alimento_Nutriente VALUES ('Roselle','Phosphorus', 37000.0 );
INSERT INTO Alimento_Nutriente VALUES ('Roselle','Potassium', 208000.0 );
INSERT INTO Alimento_Nutriente VALUES ('Roselle','Vitamin C', 12000.0 );
INSERT INTO Alimento_Nutriente VALUES ('Roselle','Thiamin', 11.0 );
INSERT INTO Alimento_Nutriente VALUES ('Roselle','Riboflavin', 28.0 );
INSERT INTO Alimento_Nutriente VALUES ('Roselle','Niacin', 310.0 );
INSERT INTO Alimento_Nutriente VALUES ('Roselle','Vitamin B-12', 0.0 );
INSERT INTO Alimento_Nutriente VALUES ('Roselle','Vitamin A', 14.0 );
INSERT INTO Alimento VALUES ('Rowal');
INSERT INTO Alimento_Nutriente VALUES ('Rowal','Calcium', 15000.0 );
INSERT INTO Alimento_Nutriente VALUES ('Rowal','Iron', 2200.0 );
INSERT INTO Alimento_Nutriente VALUES ('Rowal','Magnesium', 32000.0 );
INSERT INTO Alimento_Nutriente VALUES ('Rowal','Phosphorus', 52000.0 );
INSERT INTO Alimento_Nutriente VALUES ('Rowal','Potassium', 131000.0 );
INSERT INTO Alimento_Nutriente VALUES ('Rowal','Zinc', 430.0 );
INSERT INTO Alimento_Nutriente VALUES ('Rowal','Vitamin C', 25800.0 );
INSERT INTO Alimento_Nutriente VALUES ('Rowal','Vitamin A', 19.0 );
INSERT INTO Alimento VALUES ('Sapodilla');
INSERT INTO Alimento_Nutriente VALUES ('Sapodilla','Calcium', 21000.0 );
INSERT INTO Alimento_Nutriente VALUES ('Sapodilla','Iron', 800.0 );
INSERT INTO Alimento_Nutriente VALUES ('Sapodilla','Magnesium', 12000.0 );
INSERT INTO Alimento_Nutriente VALUES ('Sapodilla','Phosphorus', 12000.0 );
INSERT INTO Alimento_Nutriente VALUES ('Sapodilla','Potassium', 193000.0 );
INSERT INTO Alimento_Nutriente VALUES ('Sapodilla','Zinc', 100.0 );
INSERT INTO Alimento_Nutriente VALUES ('Sapodilla','Vitamin C', 14700.0 );
INSERT INTO Alimento_Nutriente VALUES ('Sapodilla','Thiamin', 0.0 );
INSERT INTO Alimento_Nutriente VALUES ('Sapodilla','Riboflavin', 20.0 );
INSERT INTO Alimento_Nutriente VALUES ('Sapodilla','Niacin', 200.0 );
INSERT INTO Alimento_Nutriente VALUES ('Sapodilla','Vitamin B-6', 37.0 );
INSERT INTO Alimento_Nutriente VALUES ('Sapodilla','Folate', 14.0 );
INSERT INTO Alimento_Nutriente VALUES ('Sapodilla','Vitamin B-12', 0.0 );
INSERT INTO Alimento_Nutriente VALUES ('Sapodilla','Vitamin A', 3.0 );
INSERT INTO Alimento VALUES ('Sapote');
INSERT INTO Alimento_Nutriente VALUES ('Sapote','Calcium', 18000.0 );
INSERT INTO Alimento_Nutriente VALUES ('Sapote','Iron', 780.0 );
INSERT INTO Alimento_Nutriente VALUES ('Sapote','Magnesium', 11000.0 );
INSERT INTO Alimento_Nutriente VALUES ('Sapote','Phosphorus', 26000.0 );
INSERT INTO Alimento_Nutriente VALUES ('Sapote','Potassium', 454000.0 );
INSERT INTO Alimento_Nutriente VALUES ('Sapote','Zinc', 190.0 );
INSERT INTO Alimento_Nutriente VALUES ('Sapote','Vitamin C', 23000.0 );
INSERT INTO Alimento_Nutriente VALUES ('Sapote','Thiamin', 13.0 );
INSERT INTO Alimento_Nutriente VALUES ('Sapote','Riboflavin', 116.0 );
INSERT INTO Alimento_Nutriente VALUES ('Sapote','Niacin', 1432.0 );
INSERT INTO Alimento_Nutriente VALUES ('Sapote','Vitamin B-6', 720.0 );
INSERT INTO Alimento_Nutriente VALUES ('Sapote','Vitamin B-12', 0.0 );
INSERT INTO Alimento_Nutriente VALUES ('Sapote','Vitamin A', 7.0 );
INSERT INTO Alimento_Nutriente VALUES ('Sapote','Vitamin E', 2110.0 );
INSERT INTO Alimento VALUES ('Soursop');
INSERT INTO Alimento_Nutriente VALUES ('Soursop','Calcium', 14000.0 );
INSERT INTO Alimento_Nutriente VALUES ('Soursop','Iron', 600.0 );
INSERT INTO Alimento_Nutriente VALUES ('Soursop','Magnesium', 21000.0 );
INSERT INTO Alimento_Nutriente VALUES ('Soursop','Phosphorus', 27000.0 );
INSERT INTO Alimento_Nutriente VALUES ('Soursop','Potassium', 278000.0 );
INSERT INTO Alimento_Nutriente VALUES ('Soursop','Zinc', 100.0 );
INSERT INTO Alimento_Nutriente VALUES ('Soursop','Vitamin C', 20600.0 );
INSERT INTO Alimento_Nutriente VALUES ('Soursop','Thiamin', 70.0 );
INSERT INTO Alimento_Nutriente VALUES ('Soursop','Riboflavin', 50.0 );
INSERT INTO Alimento_Nutriente VALUES ('Soursop','Niacin', 900.0 );
INSERT INTO Alimento_Nutriente VALUES ('Soursop','Vitamin B-6', 59.0 );
INSERT INTO Alimento_Nutriente VALUES ('Soursop','Folate', 14.0 );
INSERT INTO Alimento_Nutriente VALUES ('Soursop','Vitamin B-12', 0.0 );
INSERT INTO Alimento_Nutriente VALUES ('Soursop','Vitamin A', 0.0 );
INSERT INTO Alimento_Nutriente VALUES ('Soursop','Vitamin E', 80.0 );
INSERT INTO Alimento_Nutriente VALUES ('Soursop','Vitamin D', 0.0 );
INSERT INTO Alimento_Nutriente VALUES ('Soursop','Vitamin K', 0.4 );
INSERT INTO Alimento VALUES ('Strawberries');
INSERT INTO Alimento_Nutriente VALUES ('Strawberries','Calcium', 13000.0 );
INSERT INTO Alimento_Nutriente VALUES ('Strawberries','Iron', 490.0 );
INSERT INTO Alimento_Nutriente VALUES ('Strawberries','Magnesium', 8000.0 );
INSERT INTO Alimento_Nutriente VALUES ('Strawberries','Phosphorus', 12000.0 );
INSERT INTO Alimento_Nutriente VALUES ('Strawberries','Potassium', 86000.0 );
INSERT INTO Alimento_Nutriente VALUES ('Strawberries','Zinc', 90.0 );
INSERT INTO Alimento_Nutriente VALUES ('Strawberries','Vitamin C', 31700.0 );
INSERT INTO Alimento_Nutriente VALUES ('Strawberries','Thiamin', 21.0 );
INSERT INTO Alimento_Nutriente VALUES ('Strawberries','Riboflavin', 34.0 );
INSERT INTO Alimento_Nutriente VALUES ('Strawberries','Niacin', 57.0 );
INSERT INTO Alimento_Nutriente VALUES ('Strawberries','Vitamin B-6', 49.0 );
INSERT INTO Alimento_Nutriente VALUES ('Strawberries','Folate', 28.0 );
INSERT INTO Alimento_Nutriente VALUES ('Strawberries','Vitamin B-12', 0.0 );
INSERT INTO Alimento_Nutriente VALUES ('Strawberries','Vitamin A', 1.0 );
INSERT INTO Alimento_Nutriente VALUES ('Strawberries','Vitamin E', 190.0 );
INSERT INTO Alimento_Nutriente VALUES ('Strawberries','Vitamin D', 0.0 );
INSERT INTO Alimento_Nutriente VALUES ('Strawberries','Vitamin K', 1.5 );
INSERT INTO Alimento VALUES ('Sugar-apples');
INSERT INTO Alimento_Nutriente VALUES ('Sugar-apples','Calcium', 24000.0 );
INSERT INTO Alimento_Nutriente VALUES ('Sugar-apples','Iron', 600.0 );
INSERT INTO Alimento_Nutriente VALUES ('Sugar-apples','Magnesium', 21000.0 );
INSERT INTO Alimento_Nutriente VALUES ('Sugar-apples','Phosphorus', 32000.0 );
INSERT INTO Alimento_Nutriente VALUES ('Sugar-apples','Potassium', 247000.0 );
INSERT INTO Alimento_Nutriente VALUES ('Sugar-apples','Zinc', 100.0 );
INSERT INTO Alimento_Nutriente VALUES ('Sugar-apples','Vitamin C', 36300.0 );
INSERT INTO Alimento_Nutriente VALUES ('Sugar-apples','Thiamin', 110.0 );
INSERT INTO Alimento_Nutriente VALUES ('Sugar-apples','Riboflavin', 113.0 );
INSERT INTO Alimento_Nutriente VALUES ('Sugar-apples','Niacin', 883.0 );
INSERT INTO Alimento_Nutriente VALUES ('Sugar-apples','Vitamin B-6', 200.0 );
INSERT INTO Alimento_Nutriente VALUES ('Sugar-apples','Folate', 14.0 );
INSERT INTO Alimento_Nutriente VALUES ('Sugar-apples','Vitamin B-12', 0.0 );
INSERT INTO Alimento_Nutriente VALUES ('Sugar-apples','Vitamin A', 0.0 );
INSERT INTO Alimento VALUES ('Tamarind nectar');
INSERT INTO Alimento_Nutriente VALUES ('Tamarind nectar','Calcium', 10000.0 );
INSERT INTO Alimento_Nutriente VALUES ('Tamarind nectar','Iron', 750.0 );
INSERT INTO Alimento_Nutriente VALUES ('Tamarind nectar','Magnesium', 4000.0 );
INSERT INTO Alimento_Nutriente VALUES ('Tamarind nectar','Phosphorus', 2000.0 );
INSERT INTO Alimento_Nutriente VALUES ('Tamarind nectar','Potassium', 27000.0 );
INSERT INTO Alimento_Nutriente VALUES ('Tamarind nectar','Zinc', 20.0 );
INSERT INTO Alimento_Nutriente VALUES ('Tamarind nectar','Vitamin C', 7100.0 );
INSERT INTO Alimento_Nutriente VALUES ('Tamarind nectar','Thiamin', 3.0 );
INSERT INTO Alimento_Nutriente VALUES ('Tamarind nectar','Riboflavin', 3.0 );
INSERT INTO Alimento_Nutriente VALUES ('Tamarind nectar','Niacin', 70.0 );
INSERT INTO Alimento_Nutriente VALUES ('Tamarind nectar','Vitamin B-6', 7.0 );
INSERT INTO Alimento_Nutriente VALUES ('Tamarind nectar','Folate', 1.0 );
INSERT INTO Alimento_Nutriente VALUES ('Tamarind nectar','Vitamin B-12', 0.0 );
INSERT INTO Alimento_Nutriente VALUES ('Tamarind nectar','Vitamin A', 0.0 );
INSERT INTO Alimento_Nutriente VALUES ('Tamarind nectar','Vitamin E', 120.0 );
INSERT INTO Alimento_Nutriente VALUES ('Tamarind nectar','Vitamin K', 0.1 );
INSERT INTO Alimento VALUES ('Tamarinds');
INSERT INTO Alimento_Nutriente VALUES ('Tamarinds','Calcium', 74000.0 );
INSERT INTO Alimento_Nutriente VALUES ('Tamarinds','Iron', 2800.0 );
INSERT INTO Alimento_Nutriente VALUES ('Tamarinds','Magnesium', 92000.0 );
INSERT INTO Alimento_Nutriente VALUES ('Tamarinds','Phosphorus', 113000.0 );
INSERT INTO Alimento_Nutriente VALUES ('Tamarinds','Potassium', 628000.0 );
INSERT INTO Alimento_Nutriente VALUES ('Tamarinds','Zinc', 100.0 );
INSERT INTO Alimento_Nutriente VALUES ('Tamarinds','Vitamin C', 3500.0 );
INSERT INTO Alimento_Nutriente VALUES ('Tamarinds','Thiamin', 428.0 );
INSERT INTO Alimento_Nutriente VALUES ('Tamarinds','Riboflavin', 152.0 );
INSERT INTO Alimento_Nutriente VALUES ('Tamarinds','Niacin', 1938.0 );
INSERT INTO Alimento_Nutriente VALUES ('Tamarinds','Vitamin B-6', 66.0 );
INSERT INTO Alimento_Nutriente VALUES ('Tamarinds','Folate', 14.0 );
INSERT INTO Alimento_Nutriente VALUES ('Tamarinds','Vitamin B-12', 0.0 );
INSERT INTO Alimento_Nutriente VALUES ('Tamarinds','Vitamin A', 2.0 );
INSERT INTO Alimento_Nutriente VALUES ('Tamarinds','Vitamin E', 100.0 );
INSERT INTO Alimento_Nutriente VALUES ('Tamarinds','Vitamin D', 0.0 );
INSERT INTO Alimento_Nutriente VALUES ('Tamarinds','Vitamin K', 2.8 );
INSERT INTO Alimento VALUES ('Tangerine juice');
INSERT INTO Alimento_Nutriente VALUES ('Tangerine juice','Calcium', 18000.0 );
INSERT INTO Alimento_Nutriente VALUES ('Tangerine juice','Iron', 200.0 );
INSERT INTO Alimento_Nutriente VALUES ('Tangerine juice','Magnesium', 8000.0 );
INSERT INTO Alimento_Nutriente VALUES ('Tangerine juice','Phosphorus', 14000.0 );
INSERT INTO Alimento_Nutriente VALUES ('Tangerine juice','Potassium', 178000.0 );
INSERT INTO Alimento_Nutriente VALUES ('Tangerine juice','Zinc', 30.0 );
INSERT INTO Alimento_Nutriente VALUES ('Tangerine juice','Vitamin C', 22000.0 );
INSERT INTO Alimento_Nutriente VALUES ('Tangerine juice','Thiamin', 60.0 );
INSERT INTO Alimento_Nutriente VALUES ('Tangerine juice','Riboflavin', 20.0 );
INSERT INTO Alimento_Nutriente VALUES ('Tangerine juice','Niacin', 100.0 );
INSERT INTO Alimento_Nutriente VALUES ('Tangerine juice','Vitamin B-6', 32.0 );
INSERT INTO Alimento_Nutriente VALUES ('Tangerine juice','Folate', 5.0 );
INSERT INTO Alimento_Nutriente VALUES ('Tangerine juice','Vitamin B-12', 0.0 );
INSERT INTO Alimento_Nutriente VALUES ('Tangerine juice','Vitamin A', 13.0 );
INSERT INTO Alimento_Nutriente VALUES ('Tangerine juice','Vitamin E', 150.0 );
INSERT INTO Alimento_Nutriente VALUES ('Tangerine juice','Vitamin D', 0.0 );
INSERT INTO Alimento_Nutriente VALUES ('Tangerine juice','Vitamin K', 0.0 );
INSERT INTO Alimento VALUES ('Tangerines');
INSERT INTO Alimento_Nutriente VALUES ('Tangerines','Calcium', 11000.0 );
INSERT INTO Alimento_Nutriente VALUES ('Tangerines','Iron', 270.0 );
INSERT INTO Alimento_Nutriente VALUES ('Tangerines','Magnesium', 11000.0 );
INSERT INTO Alimento_Nutriente VALUES ('Tangerines','Phosphorus', 10000.0 );
INSERT INTO Alimento_Nutriente VALUES ('Tangerines','Potassium', 133000.0 );
INSERT INTO Alimento_Nutriente VALUES ('Tangerines','Zinc', 510.0 );
INSERT INTO Alimento_Nutriente VALUES ('Tangerines','Vitamin C', 34200.0 );
INSERT INTO Alimento_Nutriente VALUES ('Tangerines','Thiamin', 82.0 );
INSERT INTO Alimento_Nutriente VALUES ('Tangerines','Riboflavin', 29.0 );
INSERT INTO Alimento_Nutriente VALUES ('Tangerines','Niacin', 445.0 );
INSERT INTO Alimento_Nutriente VALUES ('Tangerines','Vitamin B-6', 42.0 );
INSERT INTO Alimento_Nutriente VALUES ('Tangerines','Folate', 5.0 );
INSERT INTO Alimento_Nutriente VALUES ('Tangerines','Vitamin B-12', 0.0 );
INSERT INTO Alimento_Nutriente VALUES ('Tangerines','Vitamin A', 43.0 );
INSERT INTO Alimento_Nutriente VALUES ('Tangerines','Vitamin E', 100.0 );
INSERT INTO Alimento_Nutriente VALUES ('Tangerines','Vitamin D', 0.0 );
INSERT INTO Alimento_Nutriente VALUES ('Tangerines','Vitamin K', 0.0 );
INSERT INTO Alimento VALUES ('Watermelon');
INSERT INTO Alimento_Nutriente VALUES ('Watermelon','Calcium', 7000.0 );
INSERT INTO Alimento_Nutriente VALUES ('Watermelon','Iron', 240.0 );
INSERT INTO Alimento_Nutriente VALUES ('Watermelon','Magnesium', 10000.0 );
INSERT INTO Alimento_Nutriente VALUES ('Watermelon','Phosphorus', 11000.0 );
INSERT INTO Alimento_Nutriente VALUES ('Watermelon','Potassium', 112000.0 );
INSERT INTO Alimento_Nutriente VALUES ('Watermelon','Zinc', 100.0 );
INSERT INTO Alimento_Nutriente VALUES ('Watermelon','Vitamin C', 8100.0 );
INSERT INTO Alimento_Nutriente VALUES ('Watermelon','Thiamin', 33.0 );
INSERT INTO Alimento_Nutriente VALUES ('Watermelon','Riboflavin', 21.0 );
INSERT INTO Alimento_Nutriente VALUES ('Watermelon','Niacin', 178.0 );
INSERT INTO Alimento_Nutriente VALUES ('Watermelon','Vitamin B-6', 45.0 );
INSERT INTO Alimento_Nutriente VALUES ('Watermelon','Folate', 3.0 );
INSERT INTO Alimento_Nutriente VALUES ('Watermelon','Vitamin B-12', 0.0 );
INSERT INTO Alimento_Nutriente VALUES ('Watermelon','Vitamin A', 28.0 );
INSERT INTO Alimento_Nutriente VALUES ('Watermelon','Vitamin E', 50.0 );
INSERT INTO Alimento_Nutriente VALUES ('Watermelon','Vitamin D', 0.0 );
INSERT INTO Alimento_Nutriente VALUES ('Watermelon','Vitamin K', 0.1 );
INSERT INTO FaixaEtaria VALUES ('Toddler');
INSERT INTO FaixaEtaria_Nutriente VALUES ('Vitamin A','Toddler', 300.0 , 600.0 );
INSERT INTO FaixaEtaria VALUES ('Child');
INSERT INTO FaixaEtaria_Nutriente VALUES ('Vitamin A','Child', 390.0 , 900.0 );
INSERT INTO FaixaEtaria VALUES ('Preteenager');
INSERT INTO FaixaEtaria_Nutriente VALUES ('Vitamin A','Preteenager', 600.0 , 1699.8 );
INSERT INTO FaixaEtaria VALUES ('Teenager');
INSERT INTO FaixaEtaria_Nutriente VALUES ('Vitamin A','Teenager', 300.0 , 2799.9 );
INSERT INTO FaixaEtaria VALUES ('Adult');
INSERT INTO FaixaEtaria_Nutriente VALUES ('Vitamin A','Adult', 900.0 , 3000.0 );
INSERT INTO FaixaEtaria_Nutriente VALUES ('Folate','Toddler', 150.0 , 300.0 );
INSERT INTO FaixaEtaria_Nutriente VALUES ('Folate','Child', 200.0 , 400.0 );
INSERT INTO FaixaEtaria_Nutriente VALUES ('Folate','Preteenager', 300.0 , 600.0 );
INSERT INTO FaixaEtaria_Nutriente VALUES ('Folate','Teenager', 400.0 , 800.0 );
INSERT INTO FaixaEtaria_Nutriente VALUES ('Folate','Adult', 400.0 , 1000.0 );
INSERT INTO FaixaEtaria_Nutriente VALUES ('Vitamin C','Toddler', 15000.0 , 400000.0 );
INSERT INTO FaixaEtaria_Nutriente VALUES ('Vitamin C','Child', 25000.0 , 650000.0 );
INSERT INTO FaixaEtaria_Nutriente VALUES ('Vitamin C','Preteenager', 45000.0 , 1200000.0 );
INSERT INTO FaixaEtaria_Nutriente VALUES ('Vitamin C','Teenager', 75000.0 , 1800000.0 );
INSERT INTO FaixaEtaria_Nutriente VALUES ('Vitamin C','Adult', 90000.0 , 2000000.0 );
INSERT INTO FaixaEtaria_Nutriente VALUES ('Vitamin D','Toddler', 15.0 , 62.5 );
INSERT INTO FaixaEtaria_Nutriente VALUES ('Vitamin D','Child', 15.0 , 75.0 );
INSERT INTO FaixaEtaria_Nutriente VALUES ('Vitamin D','Preteenager', 15.0 , 100.0 );
INSERT INTO FaixaEtaria_Nutriente VALUES ('Vitamin D','Teenager', 15.0 , 100.0 );
INSERT INTO FaixaEtaria_Nutriente VALUES ('Vitamin D','Adult', 15.0 , 100.0 );
INSERT INTO FaixaEtaria_Nutriente VALUES ('Calcium','Toddler', 700000.0 , 2500000.0 );
INSERT INTO FaixaEtaria_Nutriente VALUES ('Calcium','Child', 1000000.0 , 2500000.0 );
INSERT INTO FaixaEtaria_Nutriente VALUES ('Calcium','Preteenager', 1300000.0 , 2500000.0 );
INSERT INTO FaixaEtaria_Nutriente VALUES ('Calcium','Teenager', 1300000.0 , 2500000.0 );
INSERT INTO FaixaEtaria_Nutriente VALUES ('Calcium','Adult', 1000000.0 , 2500000.0 );
INSERT INTO FaixaEtaria_Nutriente VALUES ('Iron','Toddler', 7000.0 , 40000.0 );
INSERT INTO FaixaEtaria_Nutriente VALUES ('Iron','Child', 10000.0 , 40000.0 );
INSERT INTO FaixaEtaria_Nutriente VALUES ('Iron','Preteenager', 8000.0 , 40000.0 );
INSERT INTO FaixaEtaria_Nutriente VALUES ('Iron','Teenager', 11000.0 , 45000.0 );
INSERT INTO FaixaEtaria_Nutriente VALUES ('Iron','Adult', 8000.0 , 45000.0 );
INSERT INTO FaixaEtaria_Nutriente VALUES ('Vitamin E','Toddler', 8.671 , 146.74 );
INSERT INTO FaixaEtaria_Nutriente VALUES ('Vitamin E','Child', 10.672 , 220.11 );
INSERT INTO FaixaEtaria_Nutriente VALUES ('Vitamin E','Preteenager', 16.008 , 440.22 );
INSERT INTO FaixaEtaria_Nutriente VALUES ('Vitamin E','Teenager', 22.011 , 586.96 );
INSERT INTO FaixaEtaria_Nutriente VALUES ('Vitamin E','Adult', 22.011 , 733.7 );
INSERT INTO FaixaEtaria_Nutriente VALUES ('Vitamin K','Toddler', 30.0 ,NULL);
INSERT INTO FaixaEtaria_Nutriente VALUES ('Vitamin K','Child', 55.0 ,NULL);
INSERT INTO FaixaEtaria_Nutriente VALUES ('Vitamin K','Preteenager', 60.0 ,NULL);
INSERT INTO FaixaEtaria_Nutriente VALUES ('Vitamin K','Teenager', 75.0 ,NULL);
INSERT INTO FaixaEtaria_Nutriente VALUES ('Vitamin K','Adult', 120.0 ,NULL);
INSERT INTO FaixaEtaria_Nutriente VALUES ('Thiamin','Toddler', 500.0 ,NULL);
INSERT INTO FaixaEtaria_Nutriente VALUES ('Thiamin','Child', 600.0 ,NULL);
INSERT INTO FaixaEtaria_Nutriente VALUES ('Thiamin','Preteenager', 900.0 ,NULL);
INSERT INTO FaixaEtaria_Nutriente VALUES ('Thiamin','Teenager', 1200.0 ,NULL);
INSERT INTO FaixaEtaria_Nutriente VALUES ('Thiamin','Adult', 1200.0 ,NULL);
INSERT INTO FaixaEtaria_Nutriente VALUES ('Riboflavin','Toddler', 500.0 ,NULL);
INSERT INTO FaixaEtaria_Nutriente VALUES ('Riboflavin','Child', 600.0 ,NULL);
INSERT INTO FaixaEtaria_Nutriente VALUES ('Riboflavin','Preteenager', 900.0 ,NULL);
INSERT INTO FaixaEtaria_Nutriente VALUES ('Riboflavin','Teenager', 1300.0 ,NULL);
INSERT INTO FaixaEtaria_Nutriente VALUES ('Riboflavin','Adult', 1300.0 ,NULL);
INSERT INTO FaixaEtaria_Nutriente VALUES ('Niacin','Toddler', 6000.0 , 10000.0 );
INSERT INTO FaixaEtaria_Nutriente VALUES ('Niacin','Child', 8000.0 , 15000.0 );
INSERT INTO FaixaEtaria_Nutriente VALUES ('Niacin','Preteenager', 12000.0 , 20000.0 );
INSERT INTO FaixaEtaria_Nutriente VALUES ('Niacin','Teenager', 16000.0 , 30000.0 );
INSERT INTO FaixaEtaria_Nutriente VALUES ('Niacin','Adult', 16000.0 , 35000.0 );
INSERT INTO FaixaEtaria_Nutriente VALUES ('Vitamin B-6','Toddler', 500.0 , 30000.0 );
INSERT INTO FaixaEtaria_Nutriente VALUES ('Vitamin B-6','Child', 600.0 , 40000.0 );
INSERT INTO FaixaEtaria_Nutriente VALUES ('Vitamin B-6','Preteenager', 1000.0 , 60000.0 );
INSERT INTO FaixaEtaria_Nutriente VALUES ('Vitamin B-6','Teenager', 1300.0 , 80000.0 );
INSERT INTO FaixaEtaria_Nutriente VALUES ('Vitamin B-6','Adult', 1300.0 , 100000.0 );
INSERT INTO FaixaEtaria_Nutriente VALUES ('Vitamin B-12','Toddler', 0.9 ,NULL);
INSERT INTO FaixaEtaria_Nutriente VALUES ('Vitamin B-12','Child', 1.2 ,NULL);
INSERT INTO FaixaEtaria_Nutriente VALUES ('Vitamin B-12','Preteenager', 1.8 ,NULL);
INSERT INTO FaixaEtaria_Nutriente VALUES ('Vitamin B-12','Teenager', 2.4 ,NULL);
INSERT INTO FaixaEtaria_Nutriente VALUES ('Vitamin B-12','Adult', 2.4 ,NULL);
INSERT INTO FaixaEtaria_Nutriente VALUES ('Magnesium','Toddler', 80000.0 , 65000.0 );
INSERT INTO FaixaEtaria_Nutriente VALUES ('Magnesium','Child', 130000.0 , 110000.0 );
INSERT INTO FaixaEtaria_Nutriente VALUES ('Magnesium','Preteenager', 240000.0 , 350000.0 );
INSERT INTO FaixaEtaria_Nutriente VALUES ('Magnesium','Teenager', 410000.0 , 350000.0 );
INSERT INTO FaixaEtaria_Nutriente VALUES ('Magnesium','Adult', 400000.0 , 350000.0 );
INSERT INTO FaixaEtaria_Nutriente VALUES ('Phosphorus','Toddler', 460000.0 , 3000000.0 );
INSERT INTO FaixaEtaria_Nutriente VALUES ('Phosphorus','Child', 500000.0 , 3000000.0 );
INSERT INTO FaixaEtaria_Nutriente VALUES ('Phosphorus','Preteenager', 1250000.0 , 4000000.0 );
INSERT INTO FaixaEtaria_Nutriente VALUES ('Phosphorus','Teenager', 1250000.0 , 4000000.0 );
INSERT INTO FaixaEtaria_Nutriente VALUES ('Phosphorus','Adult', 700000.0 , 4000000.0 );
INSERT INTO FaixaEtaria_Nutriente VALUES ('Potassium','Toddler', 3000000.0 ,NULL);
INSERT INTO FaixaEtaria_Nutriente VALUES ('Potassium','Child', 3800000.0 ,NULL);
INSERT INTO FaixaEtaria_Nutriente VALUES ('Potassium','Preteenager', 4500000.0 ,NULL);
INSERT INTO FaixaEtaria_Nutriente VALUES ('Potassium','Teenager', 4700000.0 ,NULL);
INSERT INTO FaixaEtaria_Nutriente VALUES ('Potassium','Adult', 4700000.0 ,NULL);
INSERT INTO FaixaEtaria_Nutriente VALUES ('Zinc','Toddler', 3000.0 , 7000.0 );
INSERT INTO FaixaEtaria_Nutriente VALUES ('Zinc','Child', 5000.0 , 12000.0 );
INSERT INTO FaixaEtaria_Nutriente VALUES ('Zinc','Preteenager', 8000.0 , 23000.0 );
INSERT INTO FaixaEtaria_Nutriente VALUES ('Zinc','Teenager', 11000.0 , 34000.0 );
INSERT INTO FaixaEtaria_Nutriente VALUES ('Zinc','Adult', 11000.0 , 40000.0 );
